restaurant_id,period,month_number,total_inflows,total_outflows,ending_balance,debt_service_outflows,cash_deposits,card_deposits
1,2025-01,1,32543.21,21478.52,47778.28,825.0,6508.64,26034.57
1,2025-02,2,34030.25,22459.96,59348.57,825.0,6806.05,27224.2
1,2025-03,3,36260.8,23932.13,71677.24,825.0,7252.16,29008.64
1,2025-04,4,38243.52,25240.72,84680.04,825.0,7648.7,30594.81
1,2025-05,5,39234.88,25895.02,98019.9,825.0,7846.98,31387.9
1,2025-06,6,39730.55,26222.17,111528.28,825.0,7946.11,31784.44
1,2025-07,7,38987.04,25731.44,124783.88,825.0,7797.41,31189.63
1,2025-08,8,36756.48,24259.28,137281.08,825.0,7351.3,29405.19
1,2025-09,9,37747.84,24913.57,150115.35,825.0,7549.57,30198.27
1,2025-10,10,39482.71,26058.59,163539.47,825.0,7896.54,31586.17
1,2025-11,11,40721.91,26876.46,177384.92,825.0,8144.38,32577.53
1,2025-12,12,36260.8,23932.13,189713.59,825.0,7252.16,29008.64
2,2025-01,1,18622.07,16582.96,24037.38,5007.71,6096.59,12525.48
2,2025-02,2,23976.22,21350.83,26662.77,5007.71,7849.46,16126.76
2,2025-03,3,32007.45,28502.64,30167.58,5007.71,10478.76,21528.69
2,2025-04,4,39146.32,34859.81,34454.09,5007.71,12815.92,26330.4
2,2025-05,5,42715.75,38038.39,39131.45,5007.71,13984.5,28731.25
2,2025-06,6,44500.47,39627.68,44004.24,5007.71,14568.79,29931.68
2,2025-07,7,41823.39,37243.74,48583.89,5007.71,13692.36,28131.04
2,2025-08,8,33792.17,30091.93,52284.13,5007.71,11063.05,22729.11
2,2025-09,9,37361.6,33270.52,56375.21,5007.71,12231.63,25129.97
2,2025-10,10,43608.11,38833.03,61150.29,5007.71,14276.65,29331.46
2,2025-11,11,48069.9,42806.26,66413.93,5007.71,15737.37,32332.53
2,2025-12,12,32007.45,28502.64,69918.74,5007.71,10478.76,21528.69
3,2025-01,1,19785.03,15611.25,21137.42,2461.56,3746.82,16038.22
3,2025-02,2,23334.61,18412.03,26060.0,2461.56,4419.02,18915.59
3,2025-03,3,28658.98,22613.18,32105.8,2461.56,5427.33,23231.65
3,2025-04,4,33391.75,26347.55,39150.0,2461.56,6323.61,27068.14
3,2025-05,5,35758.14,28214.73,46693.41,2461.56,6771.74,28986.39
3,2025-06,6,36941.33,29148.32,54486.42,2461.56,6995.81,29945.52
3,2025-07,7,35166.54,27747.93,61905.02,2461.56,6659.71,28506.83
3,2025-08,8,29842.17,23546.78,68200.42,2461.56,5651.4,24190.77
3,2025-09,9,32208.56,25413.96,74995.02,2461.56,6099.54,26109.02
3,2025-10,10,36349.73,28681.52,82663.23,2461.56,6883.78,29465.95
3,2025-11,11,39307.71,31015.5,90955.44,2461.56,7443.95,31863.76
3,2025-12,12,28658.98,22613.18,97001.24,2461.56,5427.33,23231.65
4,2025-01,1,10726.1,9866.06,42542.66,5349.92,2578.27,8147.84
4,2025-02,2,17794.64,16367.84,43969.47,5349.92,4277.35,13517.29
4,2025-03,3,28397.45,26120.49,46246.43,5349.92,6825.98,21571.47
4,2025-04,4,37822.17,34789.52,49279.08,5349.92,9091.43,28730.74
4,2025-05,5,42534.53,39124.04,52689.57,5349.92,10224.16,32310.38
4,2025-06,6,44890.71,41291.3,56288.98,5349.92,10790.52,34100.2
4,2025-07,7,41356.44,38040.41,59605.02,5349.92,9940.97,31415.47
4,2025-08,8,30753.63,28287.75,62070.9,5349.92,7392.34,23361.29
4,2025-09,9,35465.99,32622.27,64914.62,5349.92,8525.07,26940.92
4,2025-10,10,43712.62,40207.67,68419.58,5349.92,10507.34,33205.29
4,2025-11,11,49603.07,45625.81,72396.84,5349.92,11923.24,37679.83
4,2025-12,12,28397.45,26120.49,74673.79,5349.92,6825.98,21571.47
5,2025-01,1,13893.15,10013.04,36771.21,1155.71,2906.23,10986.93
5,2025-02,2,14812.57,10675.68,40908.11,1155.71,3098.55,11714.02
5,2025-03,3,16191.69,11669.63,45430.16,1155.71,3387.04,12804.65
5,2025-04,4,17417.58,12553.15,50294.59,1155.71,3643.48,13774.1
5,2025-05,5,18030.52,12994.91,55330.2,1155.71,3771.7,14258.83
5,2025-06,6,18336.99,13215.79,60451.41,1155.71,3835.81,14501.19
5,2025-07,7,17877.29,12884.47,65444.22,1155.71,3739.64,14137.64
5,2025-08,8,16498.16,11890.51,70051.87,1155.71,3451.15,13047.01
5,2025-09,9,17111.11,12332.27,74830.71,1155.71,3579.37,13531.74
5,2025-10,10,18183.76,13105.35,79909.12,1155.71,3803.75,14380.01
5,2025-11,11,18949.94,13657.55,85201.51,1155.71,3964.02,14985.91
5,2025-12,12,16191.69,11669.63,89723.56,1155.71,3387.04,12804.65
6,2025-01,1,31228.75,23786.9,52811.71,5380.07,8333.44,22895.31
6,2025-02,2,34107.06,25979.31,60939.46,5380.07,9101.52,25005.54
6,2025-03,3,38424.53,29267.92,70096.07,5380.07,10253.64,28170.89
6,2025-04,4,42262.27,32191.12,80167.22,5380.07,11277.75,30984.52
6,2025-05,5,44181.15,33652.73,90695.64,5380.07,11789.8,32391.34
6,2025-06,6,45140.58,34383.53,101452.7,5380.07,12045.83,33094.75
6,2025-07,7,43701.43,33287.33,111866.8,5380.07,11661.79,32039.64
6,2025-08,8,39383.96,29998.72,121252.05,5380.07,10509.67,28874.3
6,2025-09,9,41302.84,31460.32,131094.56,5380.07,11021.72,30281.12
6,2025-10,10,44660.87,34018.13,141737.3,5380.07,11917.82,32743.05
6,2025-11,11,47059.46,35845.13,152951.62,5380.07,12557.89,34501.57
6,2025-12,12,38424.53,29267.92,162108.24,5380.07,10253.64,28170.89
7,2025-01,1,9588.98,7021.25,31714.33,981.2,1595.96,7993.02
7,2025-02,2,10490.68,7681.5,34523.52,981.2,1746.04,8744.64
7,2025-03,3,11843.24,8671.86,37694.89,981.2,1971.15,9872.08
7,2025-04,4,13045.51,9552.19,41188.21,981.2,2171.26,10874.25
7,2025-05,5,13646.64,9992.36,44842.49,981.2,2271.31,11375.34
7,2025-06,6,13947.21,10212.44,48577.27,981.2,2321.33,11625.88
7,2025-07,7,13496.36,9882.31,52191.31,981.2,2246.29,11250.06
7,2025-08,8,12143.8,8891.95,55443.17,981.2,2021.18,10122.62
7,2025-09,9,12744.94,9332.11,58856.0,981.2,2121.23,10623.71
7,2025-10,10,13796.93,10102.4,62550.53,981.2,2296.32,11500.61
7,2025-11,11,14548.34,10652.6,66446.27,981.2,2421.38,12126.96
7,2025-12,12,11843.24,8671.86,69617.64,981.2,1971.15,9872.08
8,2025-01,1,15362.5,12582.76,17792.81,2349.57,3882.08,11480.41
8,2025-02,2,17775.5,14559.14,21009.17,2349.57,4491.85,13283.65
8,2025-03,3,21394.99,17523.71,24880.45,2349.57,5406.49,15988.5
8,2025-04,4,24612.32,20158.88,29333.89,2349.57,6219.5,18392.82
8,2025-05,5,26220.98,21476.47,34078.4,2349.57,6626.01,19594.97
8,2025-06,6,27025.32,22135.26,38968.45,2349.57,6829.26,20196.05
8,2025-07,7,25818.82,21147.07,43640.2,2349.57,6524.38,19294.43
8,2025-08,8,22199.32,18182.5,47657.02,2349.57,5609.74,16589.58
8,2025-09,9,23807.99,19500.09,51964.91,2349.57,6016.25,17791.74
8,2025-10,10,26623.15,21805.87,56782.19,2349.57,6727.64,19895.51
8,2025-11,11,28633.98,23452.85,61963.32,2349.57,7235.77,21398.21
8,2025-12,12,21394.99,17523.71,65834.6,2349.57,5406.49,15988.5
9,2025-01,1,4590.19,4432.06,30852.53,4214.53,1052.33,3537.86
9,2025-02,2,9058.34,8746.28,31164.59,4214.53,2076.69,6981.65
9,2025-03,3,15760.57,15217.62,31707.54,4214.53,3613.22,12147.35
9,2025-04,4,21718.1,20969.91,32455.73,4214.53,4979.02,16739.08
9,2025-05,5,24696.87,23846.06,33306.53,4214.53,5661.93,19034.94
9,2025-06,6,26186.25,25284.14,34208.65,4214.53,6003.38,20182.87
9,2025-07,7,23952.18,23127.03,35033.8,4214.53,5491.2,18460.97
9,2025-08,8,17249.95,16655.69,35628.06,4214.53,3954.67,13295.28
9,2025-09,9,20228.72,19531.84,36324.93,4214.53,4637.57,15591.14
9,2025-10,10,25441.56,24565.1,37201.39,4214.53,5832.65,19608.91
9,2025-11,11,29165.02,28160.29,38206.12,4214.53,6686.28,22478.74
9,2025-12,12,15760.57,15217.62,38749.07,4214.53,3613.22,12147.35
10,2025-01,1,7088.15,6133.98,34465.61,2975.17,1290.64,5797.51
10,2025-02,2,9835.13,8511.17,35789.56,2975.17,1790.82,8044.31
10,2025-03,3,13955.6,12076.97,37668.19,2975.17,2541.09,11414.51
10,2025-04,4,17618.24,15246.56,40039.87,2975.17,3207.99,14410.25
10,2025-05,5,19449.56,16831.36,42658.07,2975.17,3541.45,15908.11
10,2025-06,6,20365.22,17623.76,45399.53,2975.17,3708.17,16657.05
10,2025-07,7,18991.73,16435.16,47956.1,2975.17,3458.08,15533.65
10,2025-08,8,14871.26,12869.37,49957.99,2975.17,2707.81,12163.45
10,2025-09,9,16702.58,14454.17,52206.41,2975.17,3041.27,13661.31
10,2025-10,10,19907.39,17227.56,54886.24,2975.17,3624.81,16282.58
10,2025-11,11,22196.54,19208.56,57874.22,2975.17,4041.63,18154.91
10,2025-12,12,13955.6,12076.97,59752.85,2975.17,2541.09,11414.51
11,2025-01,1,22438.15,19007.28,48159.33,3174.78,7672.62,14765.53
11,2025-02,2,25695.01,21766.15,52088.18,3174.78,8786.29,16908.72
11,2025-03,3,30580.3,25904.47,56764.01,3174.78,10456.79,20123.5
11,2025-04,4,34922.77,29582.97,62103.82,3174.78,11941.68,22981.09
11,2025-05,5,37094.01,31422.22,67775.62,3174.78,12684.13,24409.89
11,2025-06,6,38179.63,32341.84,73613.41,3174.78,13055.35,25124.28
11,2025-07,7,36551.2,30962.4,79202.21,3174.78,12498.52,24052.69
11,2025-08,8,31665.92,26824.09,84044.03,3174.78,10828.01,20837.9
11,2025-09,9,33837.15,28663.34,89217.84,3174.78,11570.46,22266.7
11,2025-10,10,37636.82,31882.03,94972.64,3174.78,12869.74,24767.09
11,2025-11,11,40350.87,34181.09,101142.42,3174.78,13797.8,26553.08
11,2025-12,12,30580.3,25904.47,105818.25,3174.78,10456.79,20123.5
12,2025-01,1,11826.88,7429.53,20876.03,556.7,4232.22,7594.66
12,2025-02,2,12212.87,7672.0,25416.9,556.7,4370.35,7842.52
12,2025-03,3,12791.85,8035.71,30173.04,556.7,4577.53,8214.31
12,2025-04,4,13306.49,8359.0,35120.53,556.7,4761.7,8544.79
12,2025-05,5,13563.81,8520.65,40163.7,556.7,4853.78,8710.03
12,2025-06,6,13692.48,8601.47,45254.7,556.7,4899.82,8792.65
12,2025-07,7,13499.48,8480.24,50273.95,556.7,4830.76,8668.72
12,2025-08,8,12920.51,8116.53,55077.92,556.7,4623.57,8296.93
12,2025-09,9,13177.83,8278.18,59977.57,556.7,4715.66,8462.17
12,2025-10,10,13628.15,8561.06,65044.66,556.7,4876.8,8751.34
12,2025-11,11,13949.8,8763.12,70231.33,556.7,4991.9,8957.9
12,2025-12,12,12791.85,8035.71,74987.47,556.7,4577.53,8214.31
13,2025-01,1,1719.63,1644.77,30830.76,3080.52,659.79,1059.83
13,2025-02,2,5573.74,5331.13,31073.38,3080.52,2138.56,3435.18
13,2025-03,3,11354.91,10860.65,31567.64,3080.52,4356.7,6998.21
13,2025-04,4,16493.73,15775.79,32285.58,3080.52,6328.39,10165.34
13,2025-05,5,19063.14,18233.35,33115.37,3080.52,7314.23,11748.91
13,2025-06,6,20347.84,19462.14,34001.07,3080.52,7807.15,12540.69
13,2025-07,7,18420.79,17618.96,34802.89,3080.52,7067.77,11353.02
13,2025-08,8,12639.62,12089.44,35353.07,3080.52,4849.62,7789.99
13,2025-09,9,15209.02,14547.0,36015.1,3080.52,5835.47,9373.56
13,2025-10,10,19705.49,18847.75,36872.84,3080.52,7560.69,12144.8
13,2025-11,11,22917.25,21919.71,37870.39,3080.52,8792.99,14124.26
13,2025-12,12,11354.91,10860.65,38364.65,3080.52,4356.7,6998.21
14,2025-01,1,32989.09,22172.43,59070.73,1381.55,7290.99,25698.1
14,2025-02,2,33907.96,22790.02,70188.67,1381.55,7494.07,26413.89
14,2025-03,3,35286.27,23716.4,81758.54,1381.55,7798.69,27487.58
14,2025-04,4,36511.43,24539.84,93730.13,1381.55,8069.47,28441.96
14,2025-05,5,37124.01,24951.57,105902.58,1381.55,8204.86,28919.16
14,2025-06,6,37430.3,25157.43,118175.45,1381.55,8272.55,29157.75
14,2025-07,7,36970.87,24848.64,130297.68,1381.55,8171.01,28799.86
14,2025-08,8,35592.56,23922.26,141967.98,1381.55,7866.39,27726.17
14,2025-09,9,36205.14,24333.98,153839.14,1381.55,8001.77,28203.37
14,2025-10,10,37277.16,25054.5,166061.8,1381.55,8238.7,29038.46
14,2025-11,11,38042.88,25569.16,178535.52,1381.55,8407.94,29634.95
14,2025-12,12,35286.27,23716.4,190105.4,1381.55,7798.69,27487.58
15,2025-01,1,16363.33,14399.73,22941.64,3666.67,5727.17,10636.17
15,2025-02,2,19454.33,17119.81,25276.16,3666.67,6809.02,12645.32
15,2025-03,3,24090.83,21199.93,28167.06,3666.67,8431.79,15659.04
15,2025-04,4,28212.17,24826.71,31552.52,3666.67,9874.26,18337.91
15,2025-05,5,30272.83,26640.09,35185.26,3666.67,10595.49,19677.34
15,2025-06,6,31303.17,27546.79,38941.64,3666.67,10956.11,20347.06
15,2025-07,7,29757.67,26186.75,42512.56,3666.67,10415.18,19342.48
15,2025-08,8,25121.17,22106.63,45527.1,3666.67,8792.41,16328.76
15,2025-09,9,27181.83,23920.01,48788.92,3666.67,9513.64,17668.19
15,2025-10,10,30788.0,27093.44,52483.48,3666.67,10775.8,20012.2
15,2025-11,11,33363.83,29360.17,56487.14,3666.67,11677.34,21686.49
15,2025-12,12,24090.83,21199.93,59378.04,3666.67,8431.79,15659.04
16,2025-01,1,12837.06,10251.12,38225.43,1890.96,3931.42,8905.64
16,2025-02,2,13962.53,11149.88,41038.08,1890.96,4276.1,9686.43
16,2025-03,3,15650.75,12498.02,44190.81,1890.96,4793.13,10857.62
16,2025-04,4,17151.39,13696.36,47645.84,1890.96,5252.71,11898.68
16,2025-05,5,17901.71,14295.54,51252.01,1890.96,5482.5,12419.21
16,2025-06,6,18276.87,14595.12,54933.75,1890.96,5597.39,12679.47
16,2025-07,7,17714.13,14145.74,58502.14,1890.96,5425.05,12289.08
16,2025-08,8,16025.91,12797.61,61730.44,1890.96,4908.02,11117.89
16,2025-09,9,16776.23,13396.78,65109.89,1890.96,5137.81,11638.42
16,2025-10,10,18089.29,14445.33,68753.85,1890.96,5539.95,12549.34
16,2025-11,11,19027.19,15194.3,72586.74,1890.96,5827.18,13200.0
16,2025-12,12,15650.75,12498.02,75739.47,1890.96,4793.13,10857.62
17,2025-01,1,30770.19,24675.71,41073.65,4365.2,9168.04,21602.15
17,2025-02,2,33767.85,27079.63,47761.87,4365.2,10061.2,23706.65
17,2025-03,3,38264.34,30685.53,55340.69,4365.2,11400.94,26863.4
17,2025-04,4,42261.22,33890.77,63711.14,4365.2,12591.82,29669.4
17,2025-05,5,44259.66,35493.39,72477.41,4365.2,13187.26,31072.4
17,2025-06,6,45258.88,36294.7,81441.6,4365.2,13484.98,31773.9
17,2025-07,7,43760.05,35092.73,90108.92,4365.2,13038.4,30721.65
17,2025-08,8,39263.56,31486.84,97885.64,4365.2,11698.66,27564.9
17,2025-09,9,41262.0,33089.46,106058.18,4365.2,12294.1,28967.9
17,2025-10,10,44759.27,35894.04,114923.41,4365.2,13336.12,31423.15
17,2025-11,11,47257.32,37897.32,124283.42,4365.2,14080.42,33176.9
17,2025-12,12,38264.34,30685.53,131862.23,4365.2,11400.94,26863.4
18,2025-01,1,17139.28,12674.25,16112.8,1499.37,6435.8,10703.48
18,2025-02,2,19063.51,14097.19,21079.12,1499.37,7158.35,11905.16
18,2025-03,3,21949.86,16231.6,26797.37,1499.37,8242.18,13707.68
18,2025-04,4,24515.5,18128.86,33184.01,1499.37,9205.58,15309.92
18,2025-05,5,25798.32,19077.49,39904.84,1499.37,9687.27,16111.04
18,2025-06,6,26439.73,19551.8,46792.77,1499.37,9928.12,16511.61
18,2025-07,7,25477.61,18840.33,53430.05,1499.37,9566.85,15910.76
18,2025-08,8,22591.27,16705.92,59315.4,1499.37,8483.03,14108.24
18,2025-09,9,23874.09,17654.55,65534.95,1499.37,8964.73,14909.36
18,2025-10,10,26119.02,19314.64,72339.33,1499.37,9807.7,16311.32
18,2025-11,11,27722.55,20500.43,79561.45,1499.37,10409.82,17312.73
18,2025-12,12,21949.86,16231.6,85279.7,1499.37,8242.18,13707.68
19,2025-01,1,29492.59,22716.77,47616.72,1610.45,10792.68,18699.92
19,2025-02,2,32871.02,25319.01,55168.73,1610.45,12029.0,20842.03
19,2025-03,3,37938.67,29222.38,63885.02,1610.45,13883.48,24055.19
19,2025-04,4,42443.24,32692.04,73636.21,1610.45,15531.9,26911.33
19,2025-05,5,44695.52,34426.87,83904.86,1610.45,16356.12,28339.41
19,2025-06,6,45821.67,35294.29,94432.24,1610.45,16768.22,29053.44
19,2025-07,7,44132.45,33993.17,104571.53,1610.45,16150.06,27982.39
19,2025-08,8,39064.81,30089.8,113546.54,1610.45,14295.58,24769.23
19,2025-09,9,41317.09,31824.63,123039.01,1610.45,15119.8,26197.3
19,2025-10,10,45258.6,34860.58,133437.03,1610.45,16562.17,28696.43
19,2025-11,11,48073.95,37029.12,144481.86,1610.45,17592.44,30481.52
19,2025-12,12,37938.67,29222.38,153198.14,1610.45,13883.48,24055.19
20,2025-01,1,11113.52,8387.41,37450.45,421.08,2402.34,8711.18
20,2025-02,2,12027.16,9076.93,40400.68,421.08,2599.84,9427.32
20,2025-03,3,13397.62,10111.22,43687.07,421.08,2896.08,10501.54
20,2025-04,4,14615.81,11030.59,47272.29,421.08,3159.41,11456.4
20,2025-05,5,15224.9,11490.28,51006.91,421.08,3291.08,11933.83
20,2025-06,6,15529.45,11720.12,54816.24,421.08,3356.91,12172.54
20,2025-07,7,15072.63,11375.36,58513.51,421.08,3258.16,11814.47
20,2025-08,8,13702.17,10341.07,61874.61,421.08,2961.91,10740.25
20,2025-09,9,14311.26,10800.75,65385.12,421.08,3093.58,11217.68
20,2025-10,10,15377.18,11605.2,69157.09,421.08,3323.99,12053.18
20,2025-11,11,16138.54,12179.81,73115.83,421.08,3488.57,12649.97
20,2025-12,12,13397.62,10111.22,76402.22,421.08,2896.08,10501.54
21,2025-01,1,43651.15,33659.42,45668.03,4626.31,6878.18,36772.97
21,2025-02,2,50292.29,38780.4,57179.92,4626.31,7924.63,42367.66
21,2025-03,3,60254.01,46461.88,70972.04,4626.31,9494.31,50759.7
21,2025-04,4,69108.87,53289.87,86791.04,4626.31,10889.59,58219.28
21,2025-05,5,73536.29,56703.86,103623.47,4626.31,11587.22,61949.07
21,2025-06,6,75750.01,58410.86,120962.63,4626.31,11936.04,63813.97
21,2025-07,7,72429.44,55850.36,137541.7,4626.31,11412.81,61016.62
21,2025-08,8,62467.72,48168.88,151840.54,4626.31,9843.13,52624.59
21,2025-09,9,66895.15,51582.87,167152.82,4626.31,10540.77,56354.38
21,2025-10,10,74643.15,57557.36,184238.62,4626.31,11761.63,62881.52
21,2025-11,11,80177.44,61824.85,202591.21,4626.31,12633.68,67543.76
21,2025-12,12,60254.01,46461.88,216383.33,4626.31,9494.31,50759.7
22,2025-01,1,41717.42,34855.41,33105.71,8244.18,9408.26,32309.16
22,2025-02,2,50073.77,41837.24,41342.23,8244.18,11292.81,38780.96
22,2025-03,3,62608.29,52309.99,51640.53,8244.18,14119.64,48488.65
22,2025-04,4,73750.09,61619.1,63771.52,8244.18,16632.38,57117.71
22,2025-05,5,79320.99,66273.66,76818.85,8244.18,17888.75,61432.24
22,2025-06,6,82106.44,68600.93,90324.36,8244.18,18516.93,63589.51
22,2025-07,7,77928.26,65110.02,103142.61,8244.18,17574.66,60353.61
22,2025-08,8,65393.74,54637.27,113899.08,8244.18,14747.83,50645.91
22,2025-09,9,70964.64,59291.82,125571.9,8244.18,16004.2,54960.44
22,2025-10,10,80713.71,67437.29,138848.32,8244.18,18202.84,62510.87
22,2025-11,11,87677.34,73255.49,153270.17,8244.18,19773.3,67904.04
22,2025-12,12,62608.29,52309.99,163568.47,8244.18,14119.64,48488.65
23,2025-01,1,51785.52,36113.48,42296.91,4532.92,13639.58,38145.94
23,2025-02,2,54478.43,37991.43,58783.91,4532.92,14348.86,40129.57
23,2025-03,3,58517.8,40808.35,76493.37,4532.92,15412.77,43105.03
23,2025-04,4,62108.35,43312.28,95289.45,4532.92,16358.47,45749.88
23,2025-05,5,63903.63,44564.24,114628.83,4532.92,16831.32,47072.31
23,2025-06,6,64801.27,45190.22,134239.88,4532.92,17067.75,47733.52
23,2025-07,7,63454.81,44251.25,153443.43,4532.92,16713.11,46741.7
23,2025-08,8,59415.44,41434.33,171424.55,4532.92,15649.2,43766.24
23,2025-09,9,61210.72,42686.29,189948.97,4532.92,16122.05,45088.67
23,2025-10,10,64352.45,44877.23,209424.18,4532.92,16949.54,47402.91
23,2025-11,11,66596.54,46442.19,229578.53,4532.92,17540.6,49055.94
23,2025-12,12,58517.8,40808.35,247287.99,4532.92,15412.77,43105.03
24,2025-01,1,66918.79,49464.82,61913.37,4493.56,17807.8,49111.0
24,2025-02,2,70334.03,51989.29,80258.11,4493.56,18716.63,51617.4
24,2025-03,3,75456.89,55775.99,99939.01,4493.56,20079.87,55377.02
24,2025-04,4,80010.55,59141.95,120807.61,4493.56,21291.65,58718.9
24,2025-05,5,82287.37,60824.93,142270.06,4493.56,21897.54,60389.84
24,2025-06,6,83425.79,61666.41,164029.43,4493.56,22200.48,61225.31
24,2025-07,7,81718.17,60404.18,185343.42,4493.56,21746.07,59972.1
24,2025-08,8,76595.31,56617.48,205321.25,4493.56,20382.82,56212.49
24,2025-09,9,78872.13,58300.46,225892.92,4493.56,20988.71,57883.43
24,2025-10,10,82856.58,61245.67,247503.83,4493.56,22049.01,60807.57
24,2025-11,11,85702.61,63349.39,269857.05,4493.56,22806.37,62896.25
24,2025-12,12,75456.89,55775.99,289537.96,4493.56,20079.87,55377.02
25,2025-01,1,18414.84,16770.74,27592.77,13555.76,4232.27,14182.57
25,2025-02,2,33738.68,30726.44,30605.0,13555.76,7754.13,25984.55
25,2025-03,3,56724.44,51660.0,35669.44,13555.76,13036.93,43687.51
25,2025-04,4,77156.22,70267.6,42558.06,13555.76,17732.74,59423.47
25,2025-05,5,87372.11,79571.41,50358.76,13555.76,20080.65,67291.46
25,2025-06,6,92480.06,84223.31,58615.51,13555.76,21254.61,71225.45
25,2025-07,7,84818.14,77245.46,66188.19,13555.76,19493.68,65324.46
25,2025-08,8,61832.38,56311.9,71708.67,13555.76,14210.88,47621.5
25,2025-09,9,72048.27,65615.7,78141.24,13555.76,16558.79,55489.48
25,2025-10,10,89926.08,81897.36,86169.97,13555.76,20667.63,69258.45
25,2025-11,11,102695.95,93527.11,95338.81,13555.76,23602.52,79093.43
25,2025-12,12,56724.44,51660.0,100403.25,13555.76,13036.93,43687.51
26,2025-01,1,30071.02,26873.02,22867.51,10192.28,10229.15,19841.87
26,2025-02,2,37071.67,33129.16,26810.02,10192.28,12610.53,24461.14
26,2025-03,3,47572.64,42513.37,31869.28,10192.28,16182.61,31390.03
26,2025-04,4,56906.84,50854.9,37921.22,10192.28,19357.78,37549.05
26,2025-05,5,61573.93,55025.66,44469.5,10192.28,20945.37,40628.56
26,2025-06,6,63907.48,57111.04,51265.95,10192.28,21739.17,42168.31
26,2025-07,7,60407.16,53982.97,57690.14,10192.28,20548.48,39858.68
26,2025-08,8,49906.19,44598.75,62997.58,10192.28,16976.4,32929.79
26,2025-09,9,54573.29,48769.51,68801.35,10192.28,18563.99,36009.3
26,2025-10,10,62740.71,56068.35,75473.71,10192.28,21342.27,41398.44
26,2025-11,11,68574.58,61281.8,82766.49,10192.28,23326.76,45247.82
26,2025-12,12,47572.64,42513.37,87825.76,10192.28,16182.61,31390.03
27,2025-01,1,21442.16,20220.48,13245.9,14431.65,3873.11,17569.05
27,2025-02,2,35438.07,33418.96,15265.01,14431.65,6401.2,29036.87
27,2025-03,3,56431.93,53216.68,18480.26,14431.65,10193.33,46238.6
27,2025-04,4,75093.14,70814.65,22758.75,14431.65,13564.11,61529.03
27,2025-05,5,84423.74,79613.64,27568.85,14431.65,15249.5,69174.24
27,2025-06,6,89089.05,84013.13,32644.77,14431.65,16092.2,72996.85
27,2025-07,7,82091.09,77413.89,37321.97,14431.65,14828.15,67262.94
27,2025-08,8,61097.23,57616.17,40803.03,14431.65,11036.02,50061.21
27,2025-09,9,70427.84,66415.16,44815.71,14431.65,12721.41,57706.42
27,2025-10,10,86756.39,81813.38,49758.72,14431.65,15670.85,71085.55
27,2025-11,11,98419.65,92812.12,55366.26,14431.65,17777.59,80642.06
27,2025-12,12,56431.93,53216.68,58581.51,14431.65,10193.33,46238.6
28,2025-01,1,30844.01,26594.48,52756.96,11171.39,11916.47,18927.54
28,2025-02,2,41102.14,35439.3,58419.8,11171.39,15879.66,25222.48
28,2025-03,3,56489.34,48706.54,66202.6,11171.39,21824.44,34664.9
28,2025-04,4,70166.85,60499.63,75869.82,11171.39,27108.7,43058.15
28,2025-05,5,77005.61,66396.18,86479.25,11171.39,29750.83,47254.78
28,2025-06,6,80424.99,69344.45,97559.78,11171.39,31071.89,49353.1
28,2025-07,7,75295.92,64922.04,107933.66,11171.39,29090.29,46205.63
28,2025-08,8,59908.72,51654.81,116187.57,11171.39,23145.51,36763.21
28,2025-09,9,66747.47,57551.36,125383.68,11171.39,25787.63,40959.84
28,2025-10,10,78715.3,67870.32,136228.66,11171.39,30411.36,48303.94
28,2025-11,11,87263.74,75241.0,148251.4,11171.39,33714.02,53549.73
28,2025-12,12,56489.34,48706.54,156034.21,11171.39,21824.44,34664.9
29,2025-01,1,35815.62,21441.1,53219.66,1652.3,13451.55,22364.07
29,2025-02,2,38093.79,22804.93,68508.52,1652.3,14307.18,23786.61
29,2025-03,3,41511.06,24850.69,85168.89,1652.3,15590.63,25920.43
29,2025-04,4,44548.62,26669.13,103048.38,1652.3,16731.47,27817.15
29,2025-05,5,46067.41,27578.36,121537.43,1652.3,17301.89,28765.52
29,2025-06,6,46826.8,28032.97,140331.26,1652.3,17587.1,29239.7
29,2025-07,7,45687.71,27351.05,158667.92,1652.3,17159.29,28528.43
29,2025-08,8,42270.45,25305.3,175633.07,1652.3,15875.84,26394.61
29,2025-09,9,43789.23,26214.52,193207.79,1652.3,16446.26,27342.97
29,2025-10,10,46447.1,27805.66,211849.23,1652.3,17444.5,29002.61
29,2025-11,11,48345.58,28942.19,231252.62,1652.3,18157.52,30188.06
29,2025-12,12,41511.06,24850.69,247912.99,1652.3,15590.63,25920.43
30,2025-01,1,58882.71,44802.61,42752.7,7083.49,11626.89,47255.81
30,2025-02,2,65890.86,50134.96,58508.6,7083.49,13010.71,52880.15
30,2025-03,3,76403.08,58133.49,76778.18,7083.49,15086.44,61316.64
30,2025-04,4,85747.28,65243.3,97282.17,7083.49,16931.53,68815.75
30,2025-05,5,90419.39,68798.2,118903.35,7083.49,17854.08,72565.31
30,2025-06,6,92755.44,70575.65,141083.13,7083.49,18315.35,74440.08
30,2025-07,7,89251.36,67909.48,162425.01,7083.49,17623.44,71627.92
30,2025-08,8,78739.13,59910.95,181253.2,7083.49,15547.71,63191.42
30,2025-09,9,83411.23,63465.85,201198.59,7083.49,16470.26,66940.97
30,2025-10,10,91587.41,69686.93,223099.07,7083.49,18084.71,73502.7
30,2025-11,11,97427.54,74130.56,246396.05,7083.49,19237.9,78189.64
30,2025-12,12,76403.08,58133.49,264665.63,7083.49,15086.44,61316.64
31,2025-01,1,64830.7,46698.56,43861.82,2918.37,23972.38,40858.32
31,2025-02,2,67909.43,48916.22,62855.03,2918.37,25110.8,42798.63
31,2025-03,3,72527.52,52242.7,83139.85,2918.37,26818.42,45709.1
31,2025-04,4,76632.5,55199.58,104572.77,2918.37,28336.31,48296.18
31,2025-05,5,78684.98,56678.02,126579.73,2918.37,29095.26,49589.72
31,2025-06,6,79711.23,57417.24,148873.72,2918.37,29474.73,50236.49
31,2025-07,7,78171.86,56308.41,170737.18,2918.37,28905.52,49266.34
31,2025-08,8,73553.77,52981.92,191309.02,2918.37,27197.9,46355.87
31,2025-09,9,75606.25,54460.36,212454.91,2918.37,27956.84,47649.41
31,2025-10,10,79198.1,57047.63,234605.39,2918.37,29285.0,49913.11
31,2025-11,11,81763.71,58895.68,257473.42,2918.37,30233.68,51530.03
31,2025-12,12,72527.52,52242.7,277758.24,2918.37,26818.42,45709.1
32,2025-01,1,59272.64,44520.43,26698.54,5633.37,15666.21,43606.43
32,2025-02,2,64198.18,48220.06,42676.66,5633.37,16968.07,47230.11
32,2025-03,3,71586.49,53769.51,60493.64,5633.37,18920.86,52665.63
32,2025-04,4,78153.88,58702.36,79945.16,5633.37,20656.67,57497.21
32,2025-05,5,81437.57,61168.78,100213.95,5633.37,21524.57,59913.0
32,2025-06,6,83079.42,62402.0,120891.37,5633.37,21958.53,61120.89
32,2025-07,7,80616.65,60552.18,140955.84,5633.37,21307.6,59309.05
32,2025-08,8,73228.34,55002.72,159181.46,5633.37,19354.81,53873.53
32,2025-09,9,76512.03,57469.15,178224.34,5633.37,20222.72,56289.32
32,2025-10,10,82258.5,61785.39,198697.44,5633.37,21741.55,60516.94
32,2025-11,11,86363.11,64868.42,220192.14,5633.37,22826.43,63536.68
32,2025-12,12,71586.49,53769.51,238009.12,5633.37,18920.86,52665.63
33,2025-01,1,45907.14,36737.1,46070.86,9844.02,10115.14,35792.0
33,2025-02,2,55439.41,44365.28,57144.99,9844.02,12215.47,43223.94
33,2025-03,3,69737.81,55807.55,71075.25,9844.02,15365.97,54371.85
33,2025-04,4,82447.51,65978.46,87544.29,9844.02,18166.41,64281.1
33,2025-05,5,88802.35,71063.92,105282.73,9844.02,19566.63,69235.72
33,2025-06,6,91979.78,73606.64,123655.86,9844.02,20266.74,71713.04
33,2025-07,7,87213.64,69792.55,141076.95,9844.02,19216.57,67997.07
33,2025-08,8,72915.24,58350.28,155641.91,9844.02,16066.08,56849.16
33,2025-09,9,79270.08,63435.74,171476.25,9844.02,17466.3,61803.79
33,2025-10,10,90391.07,72335.28,189532.04,9844.02,19916.68,70474.38
33,2025-11,11,98334.62,78692.1,209174.56,9844.02,21666.96,76667.66
33,2025-12,12,69737.81,55807.55,223104.82,9844.02,15365.97,54371.85
34,2025-01,1,62250.53,53484.55,24123.38,7365.66,13784.58,48465.95
34,2025-02,2,67815.83,58266.16,33673.05,7365.66,15016.94,52798.89
34,2025-03,3,76163.79,65438.58,44398.26,7365.66,16865.49,59298.3
34,2025-04,4,83584.2,71814.06,56168.4,7365.66,18508.64,65075.56
34,2025-05,5,87294.4,75001.8,68461.0,7365.66,19330.22,67964.19
34,2025-06,6,89149.51,76595.67,81014.83,7365.66,19741.01,69408.5
34,2025-07,7,86366.85,74204.87,93176.82,7365.66,19124.83,67242.03
34,2025-08,8,78018.89,67032.45,104163.26,7365.66,17276.28,60742.62
34,2025-09,9,81729.1,70220.19,115672.17,7365.66,18097.85,63631.24
34,2025-10,10,88221.96,75798.74,128095.39,7365.66,19535.61,68686.34
34,2025-11,11,92859.71,79783.42,141171.68,7365.66,20562.58,72297.13
34,2025-12,12,76163.79,65438.58,151896.89,7365.66,16865.49,59298.3
35,2025-01,1,28637.14,25976.18,14470.66,8831.5,6189.01,22448.14
35,2025-02,2,38000.92,34469.88,18001.7,8831.5,8212.69,29788.23
35,2025-03,3,52046.59,47210.43,22837.87,8831.5,11248.22,40798.38
35,2025-04,4,64531.64,58535.36,28834.15,8831.5,13946.46,50585.17
35,2025-05,5,70774.16,64197.82,35410.49,8831.5,15295.58,55478.57
35,2025-06,6,73895.42,67029.05,42276.85,8831.5,15970.15,57925.27
35,2025-07,7,69213.53,62782.21,48708.17,8831.5,14958.3,54255.22
35,2025-08,8,55167.85,50041.66,53834.36,8831.5,11922.78,43245.08
35,2025-09,9,61410.38,55704.12,59540.61,8831.5,13271.9,48138.47
35,2025-10,10,72334.79,65613.44,66261.96,8831.5,15632.87,56701.92
35,2025-11,11,80137.94,72691.52,73708.38,8831.5,17319.27,62818.67
35,2025-12,12,52046.59,47210.43,78544.55,8831.5,11248.22,40798.38
36,2025-01,1,27857.39,24777.38,24624.08,10774.4,4534.89,23322.5
36,2025-02,2,36552.94,32511.52,28665.5,10774.4,5950.43,30602.51
36,2025-03,3,49596.27,44112.73,34149.04,10774.4,8073.75,41522.52
36,2025-04,4,61190.34,54424.92,40914.46,10774.4,9961.14,51229.2
36,2025-05,5,66987.37,59581.01,48320.82,10774.4,10904.84,56082.54
36,2025-06,6,69885.89,62159.06,56047.65,10774.4,11376.68,58509.21
36,2025-07,7,65538.11,58291.99,63293.77,10774.4,10668.91,54869.2
36,2025-08,8,52494.79,46690.78,69097.78,10774.4,8545.6,43949.19
36,2025-09,9,58291.82,51846.87,75542.73,10774.4,9489.29,48802.53
36,2025-10,10,68436.63,60870.04,83109.32,10774.4,11140.76,57295.87
36,2025-11,11,75682.92,67315.15,91477.09,10774.4,12320.38,63362.54
36,2025-12,12,49596.27,44112.73,96960.63,10774.4,8073.75,41522.52
37,2025-01,1,46010.76,37497.14,51526.07,7088.57,11345.67,34665.1
37,2025-02,2,53043.69,43228.73,61341.04,7088.57,13079.9,39963.8
37,2025-03,3,63593.09,51826.12,73108.01,7088.57,15681.24,47911.85
37,2025-04,4,72970.34,59468.24,86610.11,7088.57,17993.55,54976.79
37,2025-05,5,77658.96,63289.3,100979.77,7088.57,19149.71,58509.25
37,2025-06,6,80003.27,65199.83,115783.21,7088.57,19727.78,60275.49
37,2025-07,7,76486.8,62334.03,129935.98,7088.57,18860.67,57626.14
37,2025-08,8,65937.4,53736.65,142136.74,7088.57,16259.32,49678.08
37,2025-09,9,70626.03,57557.71,155205.05,7088.57,17415.47,53210.55
37,2025-10,10,78831.11,64244.56,169791.6,7088.57,19438.74,59392.37
37,2025-11,11,84691.89,69020.89,185462.61,7088.57,20883.94,63807.95
37,2025-12,12,63593.09,51826.12,197229.58,7088.57,15681.24,47911.85
38,2025-01,1,57691.07,40768.83,30789.5,4976.41,17642.53,40048.54
38,2025-02,2,60577.68,42808.72,48558.46,4976.41,18525.29,42052.4
38,2025-03,3,64907.61,45868.57,67597.5,4976.41,19849.42,45058.19
38,2025-04,4,68756.43,48588.44,87765.49,4976.41,21026.43,47730.0
38,2025-05,5,70680.84,49948.37,108497.96,4976.41,21614.94,49065.9
38,2025-06,6,71643.05,50628.34,129512.67,4976.41,21909.19,49733.86
38,2025-07,7,70199.74,49608.39,150104.02,4976.41,21467.81,48731.93
38,2025-08,8,65869.81,46548.54,169425.29,4976.41,20143.67,45726.14
38,2025-09,9,67794.22,47908.47,189311.05,4976.41,20732.18,47062.05
38,2025-10,10,71161.94,50288.35,210184.64,4976.41,21762.06,49399.88
38,2025-11,11,73567.46,51988.27,231763.82,4976.41,22497.69,51069.76
38,2025-12,12,64907.61,45868.57,250802.86,4976.41,19849.42,45058.19
39,2025-01,1,48053.83,31791.72,40886.37,3197.47,11691.48,36362.35
39,2025-02,2,51950.04,34369.39,58467.02,3197.47,12639.42,39310.61
39,2025-03,3,57794.34,38235.9,78025.46,3197.47,14061.34,43733.0
39,2025-04,4,62989.28,41672.79,99341.94,3197.47,15325.26,47664.01
39,2025-05,5,65586.74,43391.24,121537.45,3197.47,15957.23,49629.52
39,2025-06,6,66885.48,44250.46,144172.47,3197.47,16273.21,50612.27
39,2025-07,7,64937.38,42961.63,166148.22,3197.47,15799.24,49138.14
39,2025-08,8,59093.07,39095.12,186146.17,3197.47,14377.32,44715.75
39,2025-09,9,61690.54,40813.57,207023.15,3197.47,15009.28,46681.26
39,2025-10,10,66236.11,43820.85,229438.41,3197.47,16115.22,50120.89
39,2025-11,11,69482.95,45968.91,252952.45,3197.47,16905.17,52577.78
39,2025-12,12,57794.34,38235.9,272510.89,3197.47,14061.34,43733.0
40,2025-01,1,31831.04,25456.99,17984.24,3926.46,5922.7,25908.34
40,2025-02,2,35949.07,28750.4,25182.91,3926.46,6688.93,29260.14
40,2025-03,3,42126.11,33690.51,33618.51,3926.46,7838.27,34287.84
40,2025-04,4,47616.81,38081.72,43153.6,3926.46,8859.91,38756.9
40,2025-05,5,50362.17,40277.33,53238.44,3926.46,9370.73,40991.44
40,2025-06,6,51734.84,41375.13,63598.15,3926.46,9626.14,42108.7
40,2025-07,7,49675.83,39728.43,73545.55,3926.46,9243.02,40432.8
40,2025-08,8,43498.79,34788.31,82256.02,3926.46,8093.68,35405.1
40,2025-09,9,46244.14,36983.92,91516.24,3926.46,8604.5,37639.64
40,2025-10,10,51048.51,40826.23,101738.51,3926.46,9498.43,41550.07
40,2025-11,11,54480.2,43570.74,112647.97,3926.46,10136.96,44343.24
40,2025-12,12,42126.11,33690.51,121083.56,3926.46,7838.27,34287.84
41,2025-01,1,52672.22,40820.97,23407.81,6050.0,14748.22,37924.0
41,2025-02,2,57495.55,44559.05,36344.31,6050.0,16098.76,41396.8
41,2025-03,3,64730.56,50166.18,50908.68,6050.0,18124.56,46606.0
41,2025-04,4,71161.67,55150.29,66920.06,6050.0,19925.27,51236.4
41,2025-05,5,74377.22,57642.35,83654.93,6050.0,20825.62,53551.6
41,2025-06,6,75985.0,58888.38,100751.56,6050.0,21275.8,54709.2
41,2025-07,7,73573.33,57019.33,117305.56,6050.0,20600.53,52972.8
41,2025-08,8,66338.33,51412.21,132231.68,6050.0,18574.73,47763.6
41,2025-09,9,69553.89,53904.26,147881.31,6050.0,19475.09,50078.8
41,2025-10,10,75181.11,58265.36,164797.06,6050.0,21050.71,54130.4
41,2025-11,11,79200.56,61380.43,182617.18,6050.0,22176.16,57024.4
41,2025-12,12,64730.56,50166.18,197181.56,6050.0,18124.56,46606.0
42,2025-01,1,44468.81,26663.65,33762.79,1053.54,14603.47,29865.34
42,2025-02,2,46363.68,27799.82,52326.64,1053.54,15225.74,31137.94
42,2025-03,3,49205.99,29504.08,72028.55,1053.54,16159.15,33046.84
42,2025-04,4,51732.48,31018.97,92742.06,1053.54,16988.84,34743.64
42,2025-05,5,52995.73,31776.42,113961.37,1053.54,17403.69,35592.04
42,2025-06,6,53627.36,32155.15,135433.58,1053.54,17611.11,36016.24
42,2025-07,7,52679.92,31587.06,156526.44,1053.54,17299.98,35379.94
42,2025-08,8,49837.61,29882.8,176481.25,1053.54,16366.57,33471.04
42,2025-09,9,51100.86,30640.25,196941.86,1053.54,16781.42,34319.44
42,2025-10,10,53311.54,31965.78,218287.62,1053.54,17507.4,35804.14
42,2025-11,11,54890.6,32912.59,240265.63,1053.54,18025.96,36864.64
42,2025-12,12,49205.99,29504.08,259967.54,1053.54,16159.15,33046.84
43,2025-01,1,46261.94,39138.61,29864.53,9414.57,17268.79,28993.15
43,2025-02,2,56758.85,48019.23,38604.15,9414.57,21187.11,35571.74
43,2025-03,3,72504.22,61340.16,49768.21,9414.57,27064.59,45439.63
43,2025-04,4,86500.11,73180.98,63087.33,9414.57,32289.01,54211.09
43,2025-05,5,93498.05,79101.4,77483.98,9414.57,34901.22,58596.82
43,2025-06,6,96997.02,82061.6,92419.4,9414.57,36207.33,60789.69
43,2025-07,7,91748.56,77621.29,106546.67,9414.57,34248.17,57500.39
43,2025-08,8,76003.19,64300.37,118249.5,9414.57,28370.69,47632.5
43,2025-09,9,83001.14,70220.78,131029.85,9414.57,30982.91,52018.23
43,2025-10,10,95247.53,80581.5,145695.89,9414.57,35554.28,59693.26
43,2025-11,11,103994.96,87982.02,161708.83,9414.57,38819.54,65175.42
43,2025-12,12,72504.22,61340.16,172872.9,9414.57,27064.59,45439.63
44,2025-01,1,31009.04,24756.07,40001.96,3934.14,7697.64,23311.4
44,2025-02,2,37446.22,29895.19,47552.99,3934.14,9295.6,28150.62
44,2025-03,3,47102.0,37603.88,57051.11,3934.14,11692.54,35409.46
44,2025-04,4,55684.91,44456.04,68279.98,3934.14,13823.15,41861.76
44,2025-05,5,59976.36,47882.12,80374.21,3934.14,14888.45,45087.91
44,2025-06,6,62122.09,49595.17,92901.13,3934.14,15421.1,46700.98
44,2025-07,7,58903.5,47025.6,104779.03,3934.14,14622.12,44281.37
44,2025-08,8,49247.72,39316.92,114709.83,3934.14,12225.19,37022.53
44,2025-09,9,53539.18,42743.0,125506.01,3934.14,13290.49,40248.68
44,2025-10,10,61049.22,48738.65,137816.59,3934.14,15154.78,45894.45
44,2025-11,11,66413.54,53021.25,151208.88,3934.14,16486.41,49927.13
44,2025-12,12,47102.0,37603.88,160707.0,3934.14,11692.54,35409.46
45,2025-01,1,32402.51,28971.92,35947.56,9856.2,8969.95,23432.56
45,2025-02,2,44101.07,39431.9,40616.73,9856.2,12208.44,31892.63
45,2025-03,3,61648.9,55121.87,47143.76,9856.2,17066.19,44582.72
45,2025-04,4,77246.98,69068.51,55322.23,9856.2,21384.18,55862.8
45,2025-05,5,85046.02,76041.83,64326.42,9856.2,23543.18,61502.84
45,2025-06,6,88945.54,79528.49,73743.46,9856.2,24622.68,64322.86
45,2025-07,7,83096.26,74298.5,82541.22,9856.2,23003.43,60092.83
45,2025-08,8,65548.42,58608.53,89481.11,9856.2,18145.69,47402.74
45,2025-09,9,73347.46,65581.85,97246.72,9856.2,20304.69,53042.78
45,2025-10,10,86995.78,77785.16,106457.33,9856.2,24082.93,62912.85
45,2025-11,11,96744.58,86501.82,116700.09,9856.2,26781.68,69962.9
45,2025-12,12,61648.9,55121.87,123227.13,9856.2,17066.19,44582.72
46,2025-01,1,92931.59,72301.11,35014.67,8528.52,24972.87,67958.72
46,2025-02,2,98882.35,76930.82,56966.2,8528.52,26571.98,72310.38
46,2025-03,3,107808.5,83875.39,80899.3,8528.52,28970.64,78837.86
46,2025-04,4,115742.84,90048.35,106593.8,8528.52,31102.78,84640.06
46,2025-05,5,119710.02,93134.82,133168.99,8528.52,32168.85,87541.17
46,2025-06,6,121693.61,94678.06,160184.54,8528.52,32701.89,88991.72
46,2025-07,7,118718.23,92363.2,186539.56,8528.52,31902.34,86815.89
46,2025-08,8,109792.08,85418.63,210913.01,8528.52,29503.67,80288.41
46,2025-09,9,113759.26,88505.11,236167.16,8528.52,30569.75,83189.51
46,2025-10,10,120701.81,93906.44,262962.54,8528.52,32435.37,88266.44
46,2025-11,11,125660.78,97764.53,290858.78,8528.52,33767.96,91892.82
46,2025-12,12,107808.5,83875.39,314791.88,8528.52,28970.64,78837.86
47,2025-01,1,15727.29,14965.14,45646.12,24330.53,3996.86,11730.44
47,2025-02,2,47319.59,45026.45,47939.26,24330.53,12025.57,35294.02
47,2025-03,3,94708.03,90118.41,52528.87,24330.53,24068.63,70639.4
47,2025-04,4,136831.08,130200.16,59159.8,24330.53,34773.58,102057.51
47,2025-05,5,157892.61,150241.03,66811.38,24330.53,40126.05,117766.56
47,2025-06,6,168423.38,160261.47,74973.29,24330.53,42802.29,125621.09
47,2025-07,7,152627.23,145230.81,82369.71,24330.53,38787.93,113839.3
47,2025-08,8,105238.79,100138.85,87469.65,24330.53,26744.87,78493.92
47,2025-09,9,126300.32,120179.72,93590.25,24330.53,32097.34,94202.98
47,2025-10,10,163157.99,155251.25,101496.99,24330.53,41464.17,121693.83
47,2025-11,11,189484.9,180302.34,110679.56,24330.53,48154.76,141330.15
47,2025-12,12,94708.03,90118.41,115269.17,24330.53,24068.63,70639.4
48,2025-01,1,54750.85,48524.48,42450.01,18096.92,16825.76,37925.09
48,2025-02,2,70053.35,62086.75,50416.61,18096.92,21528.45,48524.9
48,2025-03,3,93007.1,82430.16,60993.55,18096.92,28582.49,64424.62
48,2025-04,4,113410.44,100513.19,73890.79,18096.92,34852.74,78557.7
48,2025-05,5,123612.11,109554.71,87948.19,18096.92,37987.87,85624.24
48,2025-06,6,128712.94,114075.47,102585.67,18096.92,39555.43,89157.51
48,2025-07,7,121061.69,107294.33,116353.03,18096.92,37204.09,83857.6
48,2025-08,8,98107.94,86950.92,127510.05,18096.92,30150.05,67957.89
48,2025-09,9,108309.61,95992.44,139827.22,18096.92,33285.18,75024.43
48,2025-10,10,126162.53,111815.09,154174.66,18096.92,38771.65,87390.87
48,2025-11,11,138914.61,123116.98,169972.29,18096.92,42690.56,96224.05
48,2025-12,12,93007.1,82430.16,180549.23,18096.92,28582.49,64424.62
49,2025-01,1,81858.87,58167.53,35745.55,9493.59,32171.7,49687.17
49,2025-02,2,86502.83,61467.44,60780.93,9493.59,33996.84,52505.99
49,2025-03,3,93468.76,66417.32,87832.37,9493.59,36734.55,56734.21
49,2025-04,4,99660.71,70817.21,116675.87,9493.59,39168.08,60492.63
49,2025-05,5,102756.68,73017.16,146415.39,9493.59,40384.84,62371.85
49,2025-06,6,104304.67,74117.13,176602.93,9493.59,40993.22,63311.45
49,2025-07,7,101982.69,72467.17,206118.44,9493.59,40080.65,61902.04
49,2025-08,8,95016.75,67517.3,233617.9,9493.59,37342.93,57673.82
49,2025-09,9,98112.72,69717.24,262013.38,9493.59,38559.7,59553.03
49,2025-10,10,103530.68,73567.15,291976.91,9493.59,40689.03,62841.65
49,2025-11,11,107400.64,76317.08,323060.47,9493.59,42209.98,65190.66
49,2025-12,12,93468.76,66417.32,350111.91,9493.59,36734.55,56734.21
50,2025-01,1,33687.92,30077.22,44594.95,12245.71,9099.52,24588.4
50,2025-02,2,49630.89,44311.4,49914.43,12245.71,13405.91,36224.98
50,2025-03,3,73545.34,65662.68,57797.09,12245.71,19865.49,53679.85
50,2025-04,4,94802.63,84641.6,67958.12,12245.71,25607.35,69195.28
50,2025-05,5,105431.27,94131.05,79258.34,12245.71,28478.27,76953.0
50,2025-06,6,110745.6,98875.78,91128.15,12245.71,29913.74,80831.86
50,2025-07,7,102774.11,91758.69,102143.58,12245.71,27760.54,75013.57
50,2025-08,8,78859.66,70407.41,110595.83,12245.71,21300.96,57558.7
50,2025-09,9,89488.31,79896.87,120187.26,12245.71,24171.88,65316.42
50,2025-10,10,108088.43,96503.42,131772.28,12245.71,29196.0,78892.43
50,2025-11,11,121374.24,108365.24,144781.28,12245.71,32784.66,88589.58
50,2025-12,12,73545.34,65662.68,152663.94,12245.71,19865.49,53679.85
51,2025-01,1,51068.22,44227.65,39743.37,13284.69,12514.14,38554.07
51,2025-02,2,64966.51,56264.28,48445.61,13284.69,15919.89,49046.62
51,2025-03,3,85813.95,74319.21,59940.34,13284.69,21028.5,64785.45
51,2025-04,4,104345.0,90368.04,73917.3,13284.69,25569.49,78775.51
51,2025-05,5,113610.53,98392.45,89135.38,13284.69,27839.99,85770.54
51,2025-06,6,118243.29,102404.66,104974.01,13284.69,28975.23,89268.06
51,2025-07,7,111294.15,96386.35,119881.81,13284.69,27272.36,84021.79
51,2025-08,8,90446.71,78331.42,131997.1,13284.69,22163.75,68282.96
51,2025-09,9,99712.24,86355.83,145353.51,13284.69,24434.24,75277.99
51,2025-10,10,115926.91,100398.56,160881.86,13284.69,28407.61,87519.3
51,2025-11,11,127508.82,110429.08,177961.61,13284.69,31245.73,96263.09
51,2025-12,12,85813.95,74319.21,189456.34,13284.69,21028.5,64785.45
52,2025-01,1,86124.81,72424.21,40451.81,17766.86,28001.78,58123.03
52,2025-02,2,97786.21,82230.54,56007.49,17766.86,31793.25,65992.96
52,2025-03,3,115278.32,96940.03,74345.78,17766.86,37480.47,77797.85
52,2025-04,4,130826.86,110015.13,95157.52,17766.86,42535.77,88291.09
52,2025-05,5,138601.13,116552.68,117205.97,17766.86,45063.42,93537.71
52,2025-06,6,142488.27,119821.46,139872.78,17766.86,46327.24,96161.02
52,2025-07,7,136657.56,114918.29,161612.05,17766.86,44431.5,92226.06
52,2025-08,8,119165.46,100208.8,180568.7,17766.86,38744.29,80421.16
52,2025-09,9,126939.73,106746.35,200762.08,17766.86,41271.94,85667.78
52,2025-10,10,140544.7,118187.07,223119.71,17766.86,45695.33,94849.37
52,2025-11,11,150262.54,126359.01,247023.23,17766.86,48854.89,101407.64
52,2025-12,12,115278.32,96940.03,265361.53,17766.86,37480.47,77797.85
53,2025-01,1,73636.32,61825.85,46269.59,12140.22,18647.66,54988.66
53,2025-02,2,84312.12,70789.37,59792.34,12140.22,21351.2,62960.92
53,2025-03,3,100325.82,84234.64,75883.52,12140.22,25406.51,74919.31
53,2025-04,4,114560.22,96186.0,94257.73,12140.22,29011.23,85548.99
53,2025-05,5,121677.42,102161.68,113773.47,12140.22,30813.59,90863.83
53,2025-06,6,125236.02,105149.52,133859.98,12140.22,31714.77,93521.25
53,2025-07,7,119898.12,100667.76,153090.33,12140.22,30363.0,89535.12
53,2025-08,8,103884.42,87222.48,169752.27,12140.22,26307.69,77576.73
53,2025-09,9,111001.62,93198.16,187555.73,12140.22,28110.05,82891.57
53,2025-10,10,123456.72,103655.6,207356.85,12140.22,31264.18,92192.54
53,2025-11,11,132353.22,111125.2,228584.87,12140.22,33517.13,98836.09
53,2025-12,12,100325.82,84234.64,244676.05,12140.22,25406.51,74919.31
54,2025-01,1,55923.49,43349.78,50804.72,10106.47,14981.98,40941.51
54,2025-02,2,66243.8,51349.7,65698.82,10106.47,17746.81,48497.0
54,2025-03,3,81724.28,63349.58,84073.52,10106.47,21894.05,59830.24
54,2025-04,4,95484.71,74016.15,105542.08,10106.47,25580.48,69904.22
54,2025-05,5,102364.92,79349.43,128557.58,10106.47,27423.7,74941.22
54,2025-06,6,105805.03,82016.07,152346.53,10106.47,28345.31,77459.71
54,2025-07,7,100644.87,78016.11,174975.29,10106.47,26962.9,73681.97
54,2025-08,8,85164.39,66016.22,194123.46,10106.47,22815.66,62348.73
54,2025-09,9,92044.6,71349.5,214818.56,10106.47,24658.87,67385.73
54,2025-10,10,104084.97,80682.75,238220.78,10106.47,27884.51,76200.47
54,2025-11,11,112685.24,87349.35,263556.67,10106.47,30188.53,82496.71
54,2025-12,12,81724.28,63349.58,281931.37,10106.47,21894.05,59830.24
55,2025-01,1,71461.04,50929.82,49666.05,8336.92,19985.57,51475.47
55,2025-02,2,79980.91,57001.88,72645.08,8336.92,22368.32,57612.58
55,2025-03,3,92760.71,66109.96,99295.83,8336.92,25942.46,66818.25
55,2025-04,4,104120.54,74206.04,129210.33,8336.92,29119.47,75001.06
55,2025-05,5,109800.45,78254.08,160756.7,8336.92,30707.98,79092.47
55,2025-06,6,112640.4,80278.09,193119.01,8336.92,31502.23,81138.17
55,2025-07,7,108380.47,77242.07,224257.41,8336.92,30310.85,78069.62
55,2025-08,8,95600.67,68133.98,251724.1,8336.92,26736.72,68863.95
55,2025-09,9,101280.58,72182.02,280822.66,8336.92,28325.22,72955.36
55,2025-10,10,111220.43,79266.08,312777.0,8336.92,31105.11,80115.32
55,2025-11,11,118320.32,84326.13,346771.19,8336.92,33090.74,85229.58
55,2025-12,12,92760.71,66109.96,373421.93,8336.92,25942.46,66818.25
56,2025-01,1,79747.78,60953.74,50119.13,14762.82,19474.9,60272.88
56,2025-02,2,90776.29,69383.17,71512.24,14762.82,22168.13,68608.15
56,2025-03,3,107319.05,82027.32,96803.96,14762.82,26207.98,81111.07
56,2025-04,4,122023.72,93266.57,125561.12,14762.82,29798.95,92224.77
56,2025-05,5,129376.06,98886.19,156050.99,14762.82,31594.43,97781.62
56,2025-06,6,133052.23,101696.0,187407.21,14762.82,32492.18,100560.05
56,2025-07,7,127537.97,97481.28,217463.9,14762.82,31145.56,96392.41
56,2025-08,8,110995.21,84837.13,243621.98,14762.82,27105.72,83889.5
56,2025-09,9,118347.55,90456.76,271512.78,14762.82,28901.21,89446.35
56,2025-10,10,131214.14,100291.1,302435.82,14762.82,32043.31,99170.84
56,2025-11,11,140404.57,107315.63,335524.77,14762.82,34287.66,106116.9
56,2025-12,12,107319.05,82027.32,360816.49,14762.82,26207.98,81111.07
57,2025-01,1,98919.23,60579.44,75569.63,2199.19,28347.12,70572.12
57,2025-02,2,104863.16,64219.58,116213.21,2199.19,30050.46,74812.7
57,2025-03,3,113779.05,69679.78,160312.48,2199.19,32605.47,81173.58
57,2025-04,4,121704.28,74533.3,207483.45,2199.19,34876.59,86827.69
57,2025-05,5,125666.9,76960.06,256190.29,2199.19,36012.15,89654.75
57,2025-06,6,127648.21,78173.44,305665.06,2199.19,36579.93,91068.28
57,2025-07,7,124676.24,76353.37,353987.93,2199.19,35728.26,88947.98
57,2025-08,8,115760.35,70893.16,398855.12,2199.19,33173.25,82587.11
57,2025-09,9,119722.97,73319.92,445258.18,2199.19,34308.81,85414.16
57,2025-10,10,126657.55,77566.75,494348.98,2199.19,36296.04,90361.51
57,2025-11,11,131610.82,80600.2,545359.6,2199.19,37715.49,93895.33
57,2025-12,12,113779.05,69679.78,589458.87,2199.19,32605.47,81173.58
58,2025-01,1,73953.15,61644.67,60601.98,12176.23,25951.13,48002.02
58,2025-02,2,84466.11,70407.89,74660.2,12176.23,29640.27,54825.84
58,2025-03,3,100235.55,83552.72,91343.02,12176.23,35173.97,65061.58
58,2025-04,4,114252.83,95237.02,110358.83,12176.23,40092.82,74160.01
58,2025-05,5,121261.47,101079.17,130541.13,12176.23,42552.24,78709.23
58,2025-06,6,124765.79,104000.24,151306.68,12176.23,43781.95,80983.84
58,2025-07,7,119509.31,99618.63,171197.36,12176.23,41937.39,77571.92
58,2025-08,8,103739.87,86473.8,188463.43,12176.23,36403.68,67336.19
58,2025-09,9,110748.51,92315.95,206895.99,12176.23,38863.11,71885.4
58,2025-10,10,123013.63,102539.71,227369.91,12176.23,43167.1,79846.53
58,2025-11,11,131774.43,109842.39,249301.95,12176.23,46241.38,85533.05
58,2025-12,12,100235.55,83552.72,265984.78,12176.23,35173.97,65061.58
59,2025-01,1,68825.72,51218.73,66897.4,8733.41,15124.56,53701.16
59,2025-02,2,76664.6,57052.27,86509.73,8733.41,16847.17,59817.44
59,2025-03,3,88422.94,65802.59,109130.08,8733.41,19431.08,68991.85
59,2025-04,4,98874.79,73580.65,134424.22,8733.41,21727.89,77146.89
59,2025-05,5,104100.71,77469.68,161055.25,8733.41,22876.3,81224.41
59,2025-06,6,106713.68,79414.19,188354.73,8733.41,23450.5,83263.17
59,2025-07,7,102794.23,76497.42,214651.54,8733.41,22589.2,80205.03
59,2025-08,8,91035.9,67747.1,237940.34,8733.41,20005.28,71030.61
59,2025-09,9,96261.82,71636.13,262566.03,8733.41,21153.69,75108.13
59,2025-10,10,105407.19,78441.94,289531.28,8733.41,23163.4,82243.79
59,2025-11,11,111939.6,83303.22,318167.66,8733.41,24598.91,87340.69
59,2025-12,12,88422.94,65802.59,340788.01,8733.41,19431.08,68991.85
60,2025-01,1,79362.76,55189.8,53733.08,10249.86,27205.04,52157.71
60,2025-02,2,86648.3,60256.26,80125.12,10249.86,29702.48,56945.82
60,2025-03,3,97576.62,67855.94,109845.8,10249.86,33448.64,64127.99
60,2025-04,4,107290.69,74611.22,142525.27,10249.86,36778.56,70512.13
60,2025-05,5,112147.72,77988.86,176684.13,10249.86,38443.52,73704.2
60,2025-06,6,114576.23,79677.68,211582.69,10249.86,39276.0,75300.24
60,2025-07,7,110933.46,77144.45,245371.7,10249.86,38027.28,72906.18
60,2025-08,8,100005.14,69544.76,275832.08,10249.86,34281.12,65724.02
60,2025-09,9,104862.17,72922.4,307771.85,10249.86,35946.08,68916.09
60,2025-10,10,113361.98,78833.27,342300.56,10249.86,38859.76,74502.22
60,2025-11,11,119433.27,83055.31,378678.51,10249.86,40940.96,78492.31
60,2025-12,12,97576.62,67855.94,408399.19,10249.86,33448.64,64127.99
61,2025-01,1,77044.17,48071.81,67838.94,1822.66,20798.14,56246.03
61,2025-02,2,81947.87,51131.48,98655.34,1822.66,22121.9,59825.97
61,2025-03,3,89303.42,55720.98,132237.78,1822.66,24107.53,65195.89
61,2025-04,4,95841.69,59800.54,168278.92,1822.66,25872.54,69969.14
61,2025-05,5,99110.82,61840.32,205549.42,1822.66,26755.05,72355.77
61,2025-06,6,100745.38,62860.21,243434.6,1822.66,27196.3,73549.08
61,2025-07,7,98293.53,61330.37,280397.76,1822.66,26534.42,71759.11
61,2025-08,8,90937.99,56740.87,314594.88,1822.66,24548.79,66389.2
61,2025-09,9,94207.12,58780.65,350021.35,1822.66,25431.29,68775.83
61,2025-10,10,99928.1,62350.26,387599.19,1822.66,26975.68,72952.42
61,2025-11,11,104014.52,64899.99,426713.72,1822.66,28078.81,75935.71
61,2025-12,12,89303.42,55720.98,460296.16,1822.66,24107.53,65195.89
62,2025-01,1,75482.09,53681.56,67630.95,6698.45,16753.05,58729.04
62,2025-02,2,81515.41,57972.36,91174.0,6698.45,18092.13,63423.28
62,2025-03,3,90565.38,64408.54,117330.84,6698.45,20100.75,70464.64
62,2025-04,4,98609.81,70129.6,145811.05,6698.45,21886.18,76723.62
62,2025-05,5,102632.02,72990.13,175452.95,6698.45,22778.9,79853.12
62,2025-06,6,104643.13,74420.39,205675.68,6698.45,23225.26,81417.86
62,2025-07,7,101626.47,72274.99,235027.16,6698.45,22555.72,79070.74
62,2025-08,8,92576.49,65838.81,261764.84,6698.45,20547.11,72029.38
62,2025-09,9,96598.7,68699.33,289664.21,6698.45,21439.83,75158.88
62,2025-10,10,103637.57,73705.26,319596.52,6698.45,23002.08,80635.49
62,2025-11,11,108665.34,77280.92,350980.94,6698.45,24117.98,84547.35
62,2025-12,12,90565.38,64408.54,377137.79,6698.45,20100.75,70464.64
63,2025-01,1,75914.24,62666.18,29107.1,11075.94,18874.79,57039.45
63,2025-02,2,90597.86,74787.31,44917.65,11075.94,22525.63,68072.23
63,2025-03,3,112623.29,92969.01,64571.93,11075.94,28001.88,84621.41
63,2025-04,4,132201.45,109130.52,87642.86,11075.94,32869.66,99331.8
63,2025-05,5,141990.54,117211.28,112422.13,11075.94,35303.55,106686.99
63,2025-06,6,146885.08,121251.65,138055.55,11075.94,36520.49,110364.58
63,2025-07,7,139543.27,115191.09,162407.73,11075.94,34695.08,104848.19
63,2025-08,8,117517.83,97009.39,182916.17,11075.94,29218.82,88299.01
63,2025-09,9,127306.91,105090.14,205132.94,11075.94,31652.71,95654.2
63,2025-10,10,144437.81,119231.46,230339.29,11075.94,35912.02,108525.78
63,2025-11,11,156674.16,129332.41,257681.04,11075.94,38954.38,117719.77
63,2025-12,12,112623.29,92969.01,277335.32,11075.94,28001.88,84621.41
64,2025-01,1,75000.54,57335.56,64625.37,11231.65,12038.83,62961.71
64,2025-02,2,81444.73,62261.94,83808.15,11231.65,13073.23,68371.5
64,2025-03,3,91111.01,69651.51,105267.66,11231.65,14624.83,76486.18
64,2025-04,4,99703.26,76220.01,128750.9,11231.65,16004.03,83699.23
64,2025-05,5,103999.38,79504.26,153246.02,11231.65,16693.63,87305.75
64,2025-06,6,106147.44,81146.39,178247.07,11231.65,17038.43,89109.02
64,2025-07,7,102925.35,78683.2,202489.22,11231.65,16521.23,86404.12
64,2025-08,8,93259.07,71293.63,224454.66,11231.65,14969.63,78289.44
64,2025-09,9,97555.2,74577.89,247431.97,11231.65,15659.23,81895.96
64,2025-10,10,105073.41,80325.33,272180.05,11231.65,16866.03,88207.38
64,2025-11,11,110443.57,84430.64,298192.98,11231.65,17728.03,92715.54
64,2025-12,12,91111.01,69651.51,319652.48,11231.65,14624.83,76486.18
65,2025-01,1,36889.35,34128.54,45878.88,26556.97,11583.0,25306.35
65,2025-02,2,63078.93,58358.08,50599.73,26556.97,19806.34,43272.59
65,2025-03,3,102363.3,94702.4,58260.63,26556.97,32141.36,70221.94
65,2025-04,4,137282.73,127008.45,68534.91,26556.97,43105.82,94176.91
65,2025-05,5,154742.45,143161.48,80115.88,26556.97,48588.05,106154.4
65,2025-06,6,163472.31,151237.99,92350.2,26556.97,51329.16,112143.15
65,2025-07,7,150377.52,139123.22,103604.5,26556.97,47217.49,103160.03
65,2025-08,8,111093.16,102778.91,111918.75,26556.97,34882.47,76210.68
65,2025-09,9,128552.87,118931.94,121539.68,26556.97,40364.7,88188.17
65,2025-10,10,159107.38,147199.73,133447.33,26556.97,49958.61,109148.77
65,2025-11,11,180932.03,167391.02,146988.34,26556.97,56811.39,124120.63
65,2025-12,12,102363.3,94702.4,154649.24,26556.97,32141.36,70221.94
66,2025-01,1,94065.48,75609.66,32824.88,11599.9,20485.88,73579.6
66,2025-02,2,104483.73,83983.83,53324.78,11599.9,22754.8,81728.93
66,2025-03,3,120111.1,96545.09,76890.79,11599.9,26158.18,93952.92
66,2025-04,4,134002.1,107710.65,103182.24,11599.9,29183.4,104818.7
66,2025-05,5,140947.6,113293.43,130836.42,11599.9,30696.02,110251.58
66,2025-06,6,144420.35,116084.82,159171.95,11599.9,31452.32,112968.03
66,2025-07,7,139211.22,111897.73,186485.44,11599.9,30317.86,108893.36
66,2025-08,8,123583.85,99336.48,210732.82,11599.9,26914.48,96669.37
66,2025-09,9,130529.35,104919.26,236342.91,11599.9,28427.1,102102.25
66,2025-10,10,142683.97,114689.12,264337.76,11599.9,31074.17,111609.8
66,2025-11,11,151365.85,121667.59,294036.01,11599.9,32964.94,118400.91
66,2025-12,12,120111.1,96545.09,317602.03,11599.9,26158.18,93952.92
67,2025-01,1,142736.65,107236.07,81707.95,9603.87,47848.57,94888.08
67,2025-02,2,149150.58,112054.76,118803.76,9603.87,49998.67,99151.91
67,2025-03,3,158771.47,119282.81,158292.43,9603.87,53223.81,105547.66
67,2025-04,4,167323.38,125707.74,199908.07,9603.87,56090.6,111232.77
67,2025-05,5,171599.33,128920.2,242587.2,9603.87,57524.0,114075.33
67,2025-06,6,173737.3,130526.43,285798.07,9603.87,58240.7,115496.61
67,2025-07,7,170530.34,128117.08,328211.33,9603.87,57165.65,113364.69
67,2025-08,8,160909.45,120889.04,368231.74,9603.87,53940.51,106968.94
67,2025-09,9,165185.4,124101.5,409315.63,9603.87,55373.9,109811.5
67,2025-10,10,172668.32,129723.31,452260.63,9603.87,57882.35,114785.97
67,2025-11,11,178013.26,133738.89,496535.0,9603.87,59674.09,118339.16
67,2025-12,12,158771.47,119282.81,536023.66,9603.87,53223.81,105547.66
68,2025-01,1,113030.4,85005.6,51236.55,6649.68,23331.5,89698.9
68,2025-02,2,118473.34,89099.01,80610.87,6649.68,24455.02,94018.32
68,2025-03,3,126637.74,95239.13,112009.48,6649.68,26140.3,100497.44
68,2025-04,4,133894.98,100697.01,145207.46,6649.68,27638.32,106256.66
68,2025-05,5,137523.6,103425.95,179305.11,6649.68,28387.33,109136.27
68,2025-06,6,139337.91,104790.42,213852.61,6649.68,28761.84,110576.07
68,2025-07,7,136616.45,102743.71,247725.34,6649.68,28200.08,108416.37
68,2025-08,8,128452.05,96603.6,279573.79,6649.68,26514.8,101937.24
68,2025-09,9,132080.67,99332.54,312321.92,6649.68,27263.82,104816.85
68,2025-10,10,138430.76,104108.18,346644.5,6649.68,28574.59,109856.17
68,2025-11,11,142966.54,107519.36,382091.68,6649.68,29510.85,113455.68
68,2025-12,12,126637.74,95239.13,413490.29,6649.68,26140.3,100497.44
69,2025-01,1,144714.98,114597.01,78698.72,22300.09,38798.23,105916.75
69,2025-02,2,158192.82,125269.86,111621.68,22300.09,42411.65,115781.17
69,2025-03,3,178409.59,141279.13,148752.14,22300.09,47831.79,130577.8
69,2025-04,4,196380.05,155509.59,189622.6,22300.09,52649.68,143730.37
69,2025-05,5,205365.28,162624.82,232363.06,22300.09,55058.63,150306.65
69,2025-06,6,209857.9,166182.44,276038.51,22300.09,56263.11,153594.79
69,2025-07,7,203118.97,160846.02,318311.47,22300.09,54456.4,148662.58
69,2025-08,8,182902.21,144836.74,356376.93,22300.09,49036.26,133865.95
69,2025-09,9,191887.44,151951.98,396312.39,22300.09,51445.21,140442.23
69,2025-10,10,207611.59,164403.63,439520.35,22300.09,55660.87,151950.72
69,2025-11,11,218843.13,173297.67,485065.81,22300.09,58672.06,160171.07
69,2025-12,12,178409.59,141279.13,522196.27,22300.09,47831.79,130577.8
70,2025-01,1,157415.02,119800.24,82840.68,18870.91,62096.71,95318.31
70,2025-02,2,171380.27,130428.45,123792.49,18870.91,67605.69,103774.58
70,2025-03,3,192328.14,146370.77,169749.87,18870.91,75869.16,116458.98
70,2025-04,4,210948.47,160541.72,220156.62,18870.91,83214.46,127734.01
70,2025-05,5,220258.64,167627.19,272788.07,18870.91,86887.12,133371.52
70,2025-06,6,224913.72,171169.93,326531.86,18870.91,88723.44,136190.28
70,2025-07,7,217931.1,165855.83,378607.14,18870.91,85968.95,131962.15
70,2025-08,8,196983.23,149913.51,425676.86,18870.91,77705.49,119277.74
70,2025-09,9,206293.39,156998.98,474971.27,18870.91,81378.14,124915.25
70,2025-10,10,222586.18,169398.56,528158.89,18870.91,87805.28,134780.9
70,2025-11,11,234223.89,178255.41,584127.37,18870.91,92396.1,141827.79
70,2025-12,12,192328.14,146370.77,630084.75,18870.91,75869.16,116458.98
71,2025-01,1,84508.35,67179.59,38818.57,14504.43,22726.4,61781.95
71,2025-02,2,100569.16,79947.06,59440.66,14504.43,27045.55,73523.61
71,2025-03,3,124660.38,99098.28,85002.75,14504.43,33524.28,91136.1
71,2025-04,4,146074.79,116121.59,114955.95,14504.43,39283.15,106791.64
71,2025-05,5,156782.0,124633.24,147104.71,14504.43,42162.58,114619.41
71,2025-06,6,162135.6,128889.07,180351.24,14504.43,43602.3,118533.3
71,2025-07,7,154105.2,122505.33,211951.11,14504.43,41442.73,112662.47
71,2025-08,8,130013.98,103354.11,238610.98,14504.43,34964.0,95049.98
71,2025-09,9,140721.19,111865.76,267466.4,14504.43,37843.43,102877.75
71,2025-10,10,159458.8,126761.16,300164.05,14504.43,42882.44,116576.36
71,2025-11,11,172842.81,137400.72,335606.13,14504.43,46481.74,126361.07
71,2025-12,12,124660.38,99098.28,361168.22,14504.43,33524.28,91136.1
72,2025-01,1,49025.44,45822.87,39294.52,21130.39,10851.97,38173.47
72,2025-02,2,73597.3,68789.58,44102.23,21130.39,16291.04,57306.25
72,2025-03,3,110455.09,103239.66,51317.67,21130.39,24449.66,86005.44
72,2025-04,4,143217.58,133861.94,60673.31,21130.39,31701.76,111515.82
72,2025-05,5,159598.82,149173.09,71099.04,21130.39,35327.81,124271.01
72,2025-06,6,167789.44,156828.66,82059.83,21130.39,37140.84,130648.61
72,2025-07,7,155503.51,145345.3,92218.04,21130.39,34421.3,121082.21
72,2025-08,8,118645.71,110895.23,99968.52,21130.39,26262.68,92383.03
72,2025-09,9,135026.96,126206.37,108789.11,21130.39,29888.73,105138.22
72,2025-10,10,163694.13,153000.87,119482.37,21130.39,36234.32,127459.81
72,2025-11,11,184170.68,172139.8,131513.25,21130.39,40766.89,143403.8
72,2025-12,12,110455.09,103239.66,138728.69,21130.39,24449.66,86005.44
73,2025-01,1,70486.52,61571.26,20407.19,32458.58,14665.08,55821.44
73,2025-02,2,109550.85,95694.66,34263.38,32458.58,22792.61,86758.24
73,2025-03,3,168147.35,146879.77,55530.95,32458.58,34983.9,133163.44
73,2025-04,4,220233.12,192377.64,83386.43,32458.58,45820.61,174412.51
73,2025-05,5,246276.01,215126.58,114535.86,32458.58,51238.97,195037.04
73,2025-06,6,259297.45,226501.04,147332.27,32458.58,53948.14,205349.31
73,2025-07,7,239765.28,209439.34,177658.21,32458.58,49884.38,189880.91
73,2025-08,8,181168.79,158254.24,200572.76,32458.58,37693.08,143475.71
73,2025-09,9,207211.68,181003.17,226781.26,32458.58,43111.44,164100.24
73,2025-10,10,252786.73,220813.81,258754.18,32458.58,52593.56,200193.17
73,2025-11,11,285340.34,249249.98,294844.54,32458.58,59366.5,225973.84
73,2025-12,12,168147.35,146879.77,316112.11,32458.58,34983.9,133163.44
74,2025-01,1,23409.67,22120.43,48646.15,32075.98,8904.28,14505.39
74,2025-02,2,64865.61,61293.26,52218.5,32075.98,24672.78,40192.82
74,2025-03,3,127049.51,120052.5,59215.51,32075.98,48325.53,78723.98
74,2025-04,4,182324.09,172282.94,69256.66,32075.98,69350.2,112973.89
74,2025-05,5,209961.38,198398.15,80819.88,32075.98,79862.53,130098.85
74,2025-06,6,223780.02,211455.76,93144.14,32075.98,85118.7,138661.33
74,2025-07,7,203052.06,191869.35,104326.85,32075.98,77234.45,125817.61
74,2025-08,8,140868.15,133110.11,112084.9,32075.98,53581.7,87286.46
74,2025-09,9,168505.44,159225.33,121365.01,32075.98,64094.03,104411.41
74,2025-10,10,216870.7,204926.96,133308.75,32075.98,82490.61,134380.09
74,2025-11,11,251417.31,237570.98,147155.08,32075.98,95631.03,155786.28
74,2025-12,12,127049.51,120052.5,154152.09,32075.98,48325.53,78723.98
75,2025-01,1,167827.45,100088.88,85191.04,6679.64,26698.82,141128.63
75,2025-02,2,177214.79,105687.3,156718.52,6679.64,28192.21,149022.58
75,2025-03,3,191295.79,114084.92,233929.39,6679.64,30432.28,160863.51
75,2025-04,4,203812.24,121549.48,316192.16,6679.64,32423.46,171388.78
75,2025-05,5,210070.47,125281.76,400980.87,6679.64,33419.05,176651.41
75,2025-06,6,213199.58,127147.9,487032.55,6679.64,33916.85,179282.73
75,2025-07,7,208505.91,124348.69,571189.77,6679.64,33170.15,175335.76
75,2025-08,8,194424.91,115951.06,649663.61,6679.64,30930.08,163494.83
75,2025-09,9,200683.13,119683.34,730663.4,6679.64,31925.67,168757.46
75,2025-10,10,211635.02,126214.83,816083.6,6679.64,33667.95,177967.07
75,2025-11,11,219457.8,130880.17,904661.23,6679.64,34912.44,184545.37
75,2025-12,12,191295.79,114084.92,981872.1,6679.64,30432.28,160863.51
76,2025-01,1,156354.31,92682.29,75170.67,5004.3,52730.62,103623.69
76,2025-02,2,161354.19,95646.07,140878.78,5004.3,54416.83,106937.36
76,2025-03,3,168854.01,100091.75,209641.05,5004.3,56946.15,111907.86
76,2025-04,4,175520.52,104043.46,281118.1,5004.3,59194.44,116326.09
76,2025-05,5,178853.78,106019.32,353952.56,5004.3,60318.58,118535.2
76,2025-06,6,180520.4,107007.25,427465.72,5004.3,60880.65,119639.75
76,2025-07,7,178020.46,105525.36,499960.83,5004.3,60037.54,117982.92
76,2025-08,8,170520.64,101079.68,569401.79,5004.3,57508.22,113012.42
76,2025-09,9,173853.9,103055.54,640200.15,5004.3,58632.37,115221.53
76,2025-10,10,179687.09,106513.28,713373.95,5004.3,60599.62,119087.48
76,2025-11,11,183853.66,108983.11,788244.51,5004.3,62004.79,121848.87
76,2025-12,12,168854.01,100091.75,857006.77,5004.3,56946.15,111907.86
77,2025-01,1,149571.63,105846.76,67126.55,12931.09,33593.5,115978.13
77,2025-02,2,166426.52,117774.4,115778.67,12931.09,37379.07,129047.45
77,2025-03,3,191708.86,135665.85,171821.68,12931.09,43057.44,148651.42
77,2025-04,4,214182.05,151569.36,234434.37,12931.09,48104.87,166077.18
77,2025-05,5,225418.64,159521.12,300331.89,12931.09,50628.59,174790.06
77,2025-06,6,231036.94,163497.0,367871.84,12931.09,51890.45,179146.49
77,2025-07,7,222609.5,157533.18,432948.15,12931.09,49997.66,172611.84
77,2025-08,8,197327.16,139641.73,490633.58,12931.09,44319.3,153007.86
77,2025-09,9,208563.75,147593.49,551603.85,12931.09,46843.01,161720.74
77,2025-10,10,228227.79,161509.06,618322.58,12931.09,51259.52,176968.28
77,2025-11,11,242273.54,171448.76,689147.36,12931.09,54414.16,187859.37
77,2025-12,12,191708.86,135665.85,745190.37,12931.09,43057.44,148651.42
78,2025-01,1,66166.63,58377.62,53359.41,21540.6,17440.68,48725.95
78,2025-02,2,91022.08,80307.14,64074.36,21540.6,23992.26,67029.82
78,2025-03,3,128305.27,113201.41,79178.21,21540.6,33819.64,94485.63
78,2025-04,4,161445.88,142440.77,98183.32,21540.6,42555.08,118890.8
78,2025-05,5,178016.18,157060.45,119139.05,21540.6,46922.8,131093.38
78,2025-06,6,186301.34,164370.29,141070.09,21540.6,49106.66,137194.68
78,2025-07,7,173873.61,153405.53,161538.16,21540.6,45830.87,128042.74
78,2025-08,8,136590.42,120511.25,177617.33,21540.6,36003.5,100586.93
78,2025-09,9,153160.73,135130.93,195647.12,21540.6,40371.22,112789.51
78,2025-10,10,182158.76,160715.37,217090.51,21540.6,48014.73,134144.03
78,2025-11,11,202871.64,178989.97,240972.18,21540.6,53474.38,149397.26
78,2025-12,12,128305.27,113201.41,256076.03,21540.6,33819.64,94485.63
79,2025-01,1,50827.93,47765.4,45415.08,37128.66,9329.47,41498.46
79,2025-02,2,89521.06,84127.17,50808.97,37128.66,16431.59,73089.47
79,2025-03,3,147560.76,138669.81,59699.91,37128.66,27084.77,120475.98
79,2025-04,4,199151.6,187152.17,71699.35,37128.66,36554.27,162597.33
79,2025-05,5,224947.02,211393.34,85253.02,37128.66,41289.02,183658.0
79,2025-06,6,237844.73,223513.93,99583.83,37128.66,43656.4,194188.33
79,2025-07,7,218498.16,205333.05,112748.94,37128.66,40105.34,178392.83
79,2025-08,8,160458.47,150790.4,122417.01,37128.66,29452.15,131006.32
79,2025-09,9,186253.89,175031.58,133639.32,37128.66,34186.9,152066.99
79,2025-10,10,231395.88,217453.64,147581.56,37128.66,42472.71,188923.17
79,2025-11,11,263640.15,247755.11,163466.61,37128.66,48391.15,215249.01
79,2025-12,12,147560.76,138669.81,172357.55,37128.66,27084.77,120475.98
80,2025-01,1,120240.15,94615.54,64368.54,21233.52,27976.4,92263.75
80,2025-02,2,140667.87,110689.87,94346.54,21233.52,32729.34,107938.53
80,2025-03,3,171309.45,134801.36,130854.62,21233.52,39858.74,131450.7
80,2025-04,4,198546.4,156233.8,173167.23,21233.52,46196.0,152350.41
80,2025-05,5,212164.88,166950.02,218382.1,21233.52,49364.62,162800.26
80,2025-06,6,218974.12,172308.13,265048.09,21233.52,50948.93,168025.19
80,2025-07,7,208760.26,164270.96,309537.39,21233.52,48572.46,160187.8
80,2025-08,8,178118.69,140159.47,347496.61,21233.52,41443.06,136675.63
80,2025-09,9,191737.16,150875.69,388358.08,21233.52,44611.68,147125.48
80,2025-10,10,215569.5,169629.07,434298.52,21233.52,50156.78,165412.72
80,2025-11,11,232592.6,183024.34,483866.77,21233.52,54117.56,178475.04
80,2025-12,12,171309.45,134801.36,520374.86,21233.52,39858.74,131450.7
