restaurant_id,period,month_number,total_revenue,covers,card_sales,cash_sales,delivery_platform_sales,dine_in_sales,weekend_revenue,weekday_revenue
1,2025-01,1,32543.21,283,26034.57,6508.64,2603.46,29939.76,13668.15,18875.06
1,2025-02,2,34030.25,296,27224.2,6806.05,2722.42,31307.83,14292.7,19737.54
1,2025-03,3,36260.8,315,29008.64,7252.16,2900.86,33359.94,15229.54,21031.27
1,2025-04,4,38243.52,333,30594.81,7648.7,3059.48,35184.04,16062.28,22181.24
1,2025-05,5,39234.88,341,31387.9,7846.98,3138.79,36096.09,16478.65,22756.23
1,2025-06,6,39730.55,345,31784.44,7946.11,3178.44,36552.11,16686.83,23043.72
1,2025-07,7,38987.04,339,31189.63,7797.41,3118.96,35868.07,16374.56,22612.48
1,2025-08,8,36756.48,320,29405.19,7351.3,2940.52,33815.96,15437.72,21318.76
1,2025-09,9,37747.84,328,30198.27,7549.57,3019.83,34728.01,15854.09,21893.75
1,2025-10,10,39482.71,343,31586.17,7896.54,3158.62,36324.1,16582.74,22899.97
1,2025-11,11,40721.91,354,32577.53,8144.38,3257.75,37464.16,17103.2,23618.71
1,2025-12,12,36260.8,315,29008.64,7252.16,2900.86,33359.94,15229.54,21031.27
2,2025-01,1,33466.55,305,24846.98,8619.57,8390.63,25075.92,18075.85,15390.7
2,2025-02,2,33534.16,305,24897.17,8636.99,8407.58,25126.58,18112.36,15421.8
2,2025-03,3,37644.21,343,27948.65,9695.56,9438.04,28206.17,20332.27,17311.94
2,2025-04,4,35062.44,319,26031.83,9030.61,8790.75,26271.69,18937.81,16124.63
2,2025-05,5,35230.07,321,26156.29,9073.78,8832.77,26397.3,19028.35,16201.72
2,2025-06,6,41140.08,375,30544.13,10595.95,10314.51,30825.57,22220.45,18919.63
2,2025-07,7,34485.73,314,25603.66,8882.07,8646.15,25839.57,18626.32,15859.41
2,2025-08,8,41890.04,382,31100.93,10789.11,10502.54,31387.5,22625.51,19264.52
2,2025-09,9,36894.99,336,27392.39,9502.59,9250.2,27644.79,19927.6,16967.39
2,2025-10,10,37437.48,341,27795.16,9642.32,9386.21,28051.27,20220.61,17216.87
2,2025-11,11,34137.35,311,25345.01,8792.34,8558.81,25578.54,18438.16,15699.2
2,2025-12,12,36707.82,334,27253.43,9454.39,9203.27,27504.55,19826.51,16881.31
3,2025-01,1,38779.51,464,27359.69,11419.82,11184.68,27594.83,15438.64,23340.86
3,2025-02,2,33406.84,400,23569.17,9837.67,9635.11,23771.73,13299.71,20107.13
3,2025-03,3,38932.41,466,27467.56,11464.85,11228.78,27703.63,15499.52,23432.89
3,2025-04,4,41500.6,497,29279.47,12221.13,11969.49,29531.12,16521.95,24978.66
3,2025-05,5,39816.09,476,28091.02,11725.07,11483.64,28332.44,15851.32,23964.77
3,2025-06,6,40357.22,483,28472.8,11884.43,11639.72,28717.51,16066.75,24290.47
3,2025-07,7,41788.42,500,29482.53,12305.89,12052.5,29735.92,16636.53,25151.89
3,2025-08,8,38422.45,460,27107.78,11314.67,11081.7,27340.75,15296.49,23125.96
3,2025-09,9,35484.95,425,25035.31,10449.64,10234.47,25250.48,14127.04,21357.91
3,2025-10,10,35350.32,423,24940.33,10409.99,10195.64,25154.68,14073.44,21276.88
3,2025-11,11,39531.73,473,27890.4,11641.34,11401.63,28130.1,15738.12,23793.62
3,2025-12,12,36268.56,434,25588.16,10680.39,10460.48,25808.08,14439.0,21829.56
4,2025-01,1,34441.56,515,22393.88,12047.68,12237.15,22204.41,15543.94,18897.62
4,2025-02,2,37384.53,559,24307.4,13077.13,13282.79,24101.74,16872.14,20512.39
4,2025-03,3,40994.7,613,26654.73,14339.97,14565.49,26429.21,18501.46,22493.24
4,2025-04,4,39137.25,585,25447.01,13690.24,13905.53,25231.72,17663.17,21474.08
4,2025-05,5,38955.88,583,25329.09,13626.79,13841.09,25114.79,17581.31,21374.57
4,2025-06,6,40882.94,611,26582.06,14300.88,14525.78,26357.16,18451.02,22431.92
4,2025-07,7,39925.07,597,25959.26,13965.82,14185.45,25739.62,18018.72,21906.35
4,2025-08,8,43297.41,647,28151.95,15145.46,15383.64,27913.76,19540.7,23756.71
4,2025-09,9,35441.38,530,23043.96,12397.42,12592.38,22848.99,15995.17,19446.21
4,2025-10,10,38347.3,573,24933.39,13413.91,13624.86,24722.44,17306.65,21040.65
4,2025-11,11,36978.03,553,24043.09,12934.94,13138.36,23839.67,16688.68,20289.35
4,2025-12,12,38451.96,575,25001.44,13450.52,13662.05,24789.91,17353.89,21098.07
5,2025-01,1,31732.65,455,22671.69,9060.96,5228.73,26503.92,15558.25,16174.4
5,2025-02,2,29172.15,418,20842.32,8329.84,4806.82,24365.33,14302.86,14869.29
5,2025-03,3,32730.29,469,23384.46,9345.83,5393.11,27337.18,16047.39,16682.9
5,2025-04,4,28729.17,412,20525.83,8203.35,4733.83,23995.34,14085.67,14643.5
5,2025-05,5,31682.99,454,22636.21,9046.78,5220.54,26462.45,15533.9,16149.08
5,2025-06,6,32360.63,464,23120.36,9240.28,5332.2,27028.43,15866.15,16494.49
5,2025-07,7,31216.02,447,22302.58,8913.44,5143.6,26072.42,15304.95,15911.07
5,2025-08,8,31455.14,451,22473.42,8981.72,5183.0,26272.14,15422.19,16032.95
5,2025-09,9,31273.92,448,22343.94,8929.98,5153.14,26120.78,15333.34,15940.58
5,2025-10,10,31163.7,447,22265.2,8898.5,5134.98,26028.72,15279.3,15884.4
5,2025-11,11,30007.85,430,21439.39,8568.46,4944.52,25063.33,14712.6,15295.25
5,2025-12,12,28081.59,402,20063.15,8018.44,4627.13,23454.46,13768.17,14313.42
6,2025-01,1,32221.57,510,24354.03,7867.53,12407.76,19813.81,16670.27,15551.3
6,2025-02,2,28227.09,447,21334.88,6892.2,10869.58,17357.51,14603.67,13623.42
6,2025-03,3,32249.2,510,24374.91,7874.28,12418.4,19830.8,16684.56,15564.63
6,2025-04,4,34289.02,543,25916.68,8372.35,13203.89,21085.14,17739.89,16549.13
6,2025-05,5,34259.38,542,25894.27,8365.11,13192.47,21066.91,17724.56,16534.82
6,2025-06,6,34629.37,548,26173.92,8455.45,13334.94,21294.42,17915.98,16713.39
6,2025-07,7,33869.5,536,25599.59,8269.91,13042.34,20827.16,17522.85,16346.65
6,2025-08,8,33909.85,537,25630.09,8279.76,13057.88,20851.98,17543.73,16366.13
6,2025-09,9,31171.01,493,23559.99,7611.02,12003.21,19167.8,16126.75,15044.26
6,2025-10,10,31646.56,501,23919.42,7727.13,12186.33,19460.22,16372.78,15273.78
6,2025-11,11,32055.15,507,24228.25,7826.9,12343.67,19711.47,16584.17,15470.98
6,2025-12,12,29571.5,468,22351.03,7220.47,11387.28,18184.22,15299.22,14272.28
7,2025-01,1,11179.49,128,7340.64,3838.85,2471.67,8707.82,7430.02,3749.48
7,2025-02,2,11517.68,132,7562.7,3954.98,2546.44,8971.24,7654.78,3862.9
7,2025-03,3,12871.48,147,8451.62,4419.85,2845.75,10025.73,8554.53,4316.95
7,2025-04,4,13623.39,156,8945.34,4678.05,3011.99,10611.4,9054.26,4569.13
7,2025-05,5,14030.14,161,9212.42,4817.72,3101.92,10928.22,9324.59,4705.55
7,2025-06,6,14373.38,165,9437.8,4935.58,3177.81,11195.57,9552.71,4820.67
7,2025-07,7,13164.52,151,8644.04,4520.48,2910.54,10253.98,8749.29,4415.23
7,2025-08,8,12325.16,141,8092.9,4232.26,2724.97,9600.19,8191.44,4133.72
7,2025-09,9,12354.04,142,8111.87,4242.18,2731.35,9622.69,8210.64,4143.41
7,2025-10,10,11807.52,135,7753.01,4054.51,2610.52,9197.0,7847.41,3960.11
7,2025-11,11,12510.33,143,8214.49,4295.84,2765.91,9744.42,8314.51,4195.82
7,2025-12,12,11378.74,130,7471.47,3907.27,2515.72,8863.02,7562.44,3816.3
8,2025-01,1,23913.55,380,14521.35,9392.2,4329.82,19583.73,15829.98,8083.58
8,2025-02,2,21375.36,340,12980.05,8395.31,3870.25,17505.11,14149.77,7225.58
8,2025-03,3,21750.81,346,13208.04,8542.77,3938.23,17812.58,14398.31,7352.5
8,2025-04,4,26064.52,414,15827.51,10237.01,4719.28,21345.24,17253.84,8810.67
8,2025-05,5,25894.7,411,15724.39,10170.31,4688.53,21206.17,17141.43,8753.27
8,2025-06,6,22231.91,353,13500.18,8731.73,4025.34,18206.57,14716.79,7515.13
8,2025-07,7,25511.88,405,15491.92,10019.96,4619.22,20892.67,16888.02,8623.86
8,2025-08,8,21984.56,349,13349.98,8634.58,3980.55,18004.0,14553.05,7431.51
8,2025-09,9,24601.31,391,14938.99,9662.33,4454.35,20146.97,16285.25,8316.06
8,2025-10,10,22124.13,352,13434.73,8689.4,4005.82,18118.3,14645.44,7478.69
8,2025-11,11,21184.41,337,12864.1,8320.32,3835.68,17348.73,14023.38,7161.04
8,2025-12,12,24232.7,385,14715.15,9517.55,4387.61,19845.1,16041.24,8191.46
9,2025-01,1,20065.79,210,12980.6,7085.19,1229.55,18836.24,11659.61,8406.18
9,2025-02,2,19901.78,208,12874.5,7027.28,1219.5,18682.28,11564.31,8337.47
9,2025-03,3,18081.43,189,11696.91,6384.52,1107.96,16973.47,10506.56,7574.87
9,2025-04,4,18837.65,197,12186.12,6651.54,1154.3,17683.36,10945.98,7891.67
9,2025-05,5,20266.77,212,13110.62,7156.16,1241.87,19024.91,11776.4,8490.38
9,2025-06,6,20230.45,211,13087.12,7143.33,1239.64,18990.8,11755.29,8475.16
9,2025-07,7,20830.92,218,13475.57,7355.36,1276.44,19554.49,12104.21,8726.72
9,2025-08,8,21598.91,226,13972.38,7626.53,1323.5,20275.41,12550.46,9048.45
9,2025-09,9,18584.03,194,12022.05,6561.98,1138.76,17445.28,10798.61,7785.42
9,2025-10,10,18005.07,188,11647.52,6357.56,1103.28,16901.79,10462.19,7542.88
9,2025-11,11,18764.17,196,12138.58,6625.59,1149.79,17614.38,10903.28,7860.89
9,2025-12,12,18641.33,195,12059.11,6582.22,1142.27,17499.06,10831.9,7809.43
10,2025-01,1,15551.5,197,9375.39,6176.11,3614.76,11936.74,7694.04,7857.46
10,2025-02,2,15594.18,198,9401.12,6193.06,3624.68,11969.5,7715.16,7879.02
10,2025-03,3,16643.74,211,10033.86,6609.88,3868.64,12775.1,8234.42,8409.31
10,2025-04,4,16020.85,203,9658.34,6362.5,3723.85,12297.0,7926.25,8094.6
10,2025-05,5,17462.42,222,10527.41,6935.01,4058.93,13403.49,8639.46,8822.96
10,2025-06,6,17053.05,217,10280.62,6772.43,3963.77,13089.28,8436.93,8616.12
10,2025-07,7,15813.22,201,9533.17,6280.05,3675.59,12137.63,7823.53,7989.69
10,2025-08,8,16313.4,207,9834.71,6478.69,3791.85,12521.55,8070.99,8242.41
10,2025-09,9,16587.42,211,9999.91,6587.51,3855.54,12731.88,8206.56,8380.86
10,2025-10,10,15641.28,199,9429.52,6211.76,3635.63,12005.65,7738.46,7902.82
10,2025-11,11,16245.7,206,9793.9,6451.8,3776.12,12469.58,8037.5,8208.2
10,2025-12,12,16010.26,203,9651.96,6358.3,3721.39,12288.87,7921.01,8089.25
11,2025-01,1,29248.28,359,20298.35,8949.92,5438.62,23809.66,12847.26,16401.02
11,2025-02,2,31129.78,382,21604.12,9525.66,5788.48,25341.3,13673.71,17456.07
11,2025-03,3,32440.11,398,22513.49,9926.62,6032.13,26407.98,14249.27,18190.84
11,2025-04,4,35973.68,441,24965.79,11007.89,6689.19,29284.49,15801.38,20172.3
11,2025-05,5,37140.9,456,25775.85,11365.06,6906.23,30234.67,16314.08,20826.82
11,2025-06,6,32731.06,402,22715.41,10015.65,6086.23,26644.83,14377.07,18353.99
11,2025-07,7,33987.87,417,23587.64,10400.23,6319.93,27667.94,14929.12,19058.75
11,2025-08,8,35486.04,435,24627.37,10858.67,6598.51,28887.53,15587.19,19898.85
11,2025-09,9,31369.6,385,21770.55,9599.05,5833.07,25536.53,13779.05,17590.55
11,2025-10,10,31555.02,387,21899.24,9655.79,5867.55,25687.47,13860.5,17694.53
11,2025-11,11,35489.86,435,24630.02,10859.84,6599.22,28890.64,15588.86,19900.99
11,2025-12,12,32979.94,405,22888.13,10091.81,6132.51,26847.43,14486.39,18493.55
12,2025-01,1,11745.82,114,7762.51,3983.3,3480.51,8265.31,5741.6,6004.21
12,2025-02,2,11703.27,113,7734.39,3968.87,3467.9,8235.37,5720.81,5982.46
12,2025-03,3,12707.91,123,8398.34,4309.57,3765.6,8942.32,6211.9,6496.01
12,2025-04,4,14247.32,138,9415.69,4831.63,4221.75,10025.57,6964.39,7282.93
12,2025-05,5,13296.66,129,8787.42,4509.23,3940.05,9356.6,6499.69,6796.97
12,2025-06,6,13048.13,126,8623.18,4424.95,3866.41,9181.72,6378.2,6669.93
12,2025-07,7,14693.09,142,9710.29,4982.8,4353.84,10339.25,7182.29,7510.79
12,2025-08,8,13624.11,132,9003.83,4620.28,4037.08,9587.03,6659.75,6964.36
12,2025-09,9,13764.07,133,9096.33,4667.74,4078.56,9685.52,6728.17,7035.9
12,2025-10,10,13372.85,130,8837.78,4535.07,3962.63,9410.22,6536.93,6835.92
12,2025-11,11,13402.38,130,8857.3,4545.09,3971.38,9431.0,6551.37,6851.01
12,2025-12,12,11756.38,114,7769.5,3986.89,3483.64,8272.74,5746.77,6009.61
13,2025-01,1,34740.11,310,23833.18,10906.93,4724.85,30015.27,18854.32,15885.79
13,2025-02,2,37846.11,337,25964.02,11882.08,5147.28,32698.83,20540.02,17306.08
13,2025-03,3,37026.77,330,25401.92,11624.85,5035.84,31990.93,20095.35,16931.42
13,2025-04,4,41078.88,366,28181.84,12897.04,5586.95,35491.92,22294.53,18784.35
13,2025-05,5,40045.5,357,27472.9,12572.6,5446.41,34599.09,21733.69,18311.81
13,2025-06,6,39099.87,349,26824.16,12275.71,5317.8,33782.08,21220.48,17879.4
13,2025-07,7,39956.04,356,27411.53,12544.51,5434.24,34521.8,21685.14,18270.9
13,2025-08,8,37071.72,330,25432.76,11638.96,5041.96,32029.77,20119.75,16951.98
13,2025-09,9,34377.18,306,23584.19,10792.99,4675.49,29701.69,18657.35,15719.83
13,2025-10,10,37531.08,335,25747.9,11783.18,5104.43,32426.65,20369.05,17162.03
13,2025-11,11,34533.84,308,23691.67,10842.17,4696.79,29837.05,18742.38,15791.47
13,2025-12,12,37565.29,335,25771.37,11793.92,5109.09,32456.2,20387.62,17177.67
14,2025-01,1,19989.89,206,15117.47,4872.41,4189.95,15799.94,7419.4,12570.49
14,2025-02,2,20306.62,210,15357.0,4949.62,4256.34,16050.28,7536.96,12769.66
14,2025-03,3,19574.81,202,14803.57,4771.24,4102.95,15471.86,7265.34,12309.47
14,2025-04,4,18754.54,194,14183.23,4571.3,3931.01,14823.52,6960.89,11793.65
14,2025-05,5,20443.44,211,15460.48,4982.96,4285.01,16158.43,7587.74,12855.7
14,2025-06,6,19754.23,204,14939.25,4814.97,4140.55,15613.67,7331.93,12422.3
14,2025-07,7,18524.92,191,14009.58,4515.34,3882.89,14642.03,6875.66,11649.25
14,2025-08,8,20965.15,216,15855.02,5110.13,4394.37,16570.78,7781.37,13183.77
14,2025-09,9,19329.76,200,14618.25,4711.51,4051.58,15278.18,7174.39,12155.37
14,2025-10,10,18904.16,195,14296.39,4607.77,3962.38,14941.79,7016.42,11887.74
14,2025-11,11,19010.48,196,14376.79,4633.69,3984.66,15025.82,7055.88,11954.6
14,2025-12,12,19491.04,201,14740.22,4750.82,4085.39,15405.65,7234.25,12256.79
15,2025-01,1,16363.33,200,10636.17,5727.17,6136.25,10227.08,10636.17,5727.17
15,2025-02,2,19454.33,237,12645.32,6809.02,7295.37,12158.96,12645.32,6809.02
15,2025-03,3,24090.83,294,15659.04,8431.79,9034.06,15056.77,15659.04,8431.79
15,2025-04,4,28212.17,344,18337.91,9874.26,10579.56,17632.6,18337.91,9874.26
15,2025-05,5,30272.83,369,19677.34,10595.49,11352.31,18920.52,19677.34,10595.49
15,2025-06,6,31303.17,382,20347.06,10956.11,11738.69,19564.48,20347.06,10956.11
15,2025-07,7,29757.67,363,19342.48,10415.18,11159.13,18598.54,19342.48,10415.18
15,2025-08,8,25121.17,306,16328.76,8792.41,9420.44,15700.73,16328.76,8792.41
15,2025-09,9,27181.83,331,17668.19,9513.64,10193.19,16988.65,17668.19,9513.64
15,2025-10,10,30788.0,375,20012.2,10775.8,11545.5,19242.5,20012.2,10775.8
15,2025-11,11,33363.83,407,21686.49,11677.34,12511.44,20852.4,21686.49,11677.34
15,2025-12,12,24090.83,294,15659.04,8431.79,9034.06,15056.77,15659.04,8431.79
16,2025-01,1,16668.33,208,11804.52,4863.81,2252.27,14416.06,9901.53,6766.79
16,2025-02,2,14022.43,175,9930.69,4091.74,1894.75,12127.68,8329.78,5692.65
16,2025-03,3,17916.15,224,12688.23,5227.93,2420.88,15495.27,10642.78,7273.37
16,2025-04,4,17935.25,224,12701.75,5233.5,2423.46,15511.79,10654.12,7281.12
16,2025-05,5,15865.59,198,11236.02,4629.57,2143.8,13721.79,9424.68,6440.91
16,2025-06,6,17100.9,214,12110.87,4990.04,2310.72,14790.18,10158.5,6942.41
16,2025-07,7,16555.25,207,11724.43,4830.81,2236.99,14318.26,9834.36,6720.89
16,2025-08,8,17319.96,217,12266.0,5053.96,2340.32,14979.64,10288.62,7031.34
16,2025-09,9,16801.79,210,11899.04,4902.76,2270.3,14531.49,9980.81,6820.98
16,2025-10,10,16891.73,211,11962.73,4929.0,2282.46,14609.27,10034.24,6857.49
16,2025-11,11,15077.86,188,10678.15,4399.71,2037.36,13040.5,8956.74,6121.12
16,2025-12,12,16908.55,211,11974.64,4933.91,2284.73,14623.82,10044.23,6864.32
17,2025-01,1,35962.39,442,23847.18,12115.22,5327.13,30635.26,19421.88,16540.52
17,2025-02,2,41144.12,506,27283.25,13860.87,6094.7,35049.42,22220.32,18923.8
17,2025-03,3,36958.62,454,24507.79,12450.83,5474.7,31483.92,19959.9,16998.72
17,2025-04,4,40315.67,496,26733.9,13581.78,5971.98,34343.69,21772.91,18542.76
17,2025-05,5,39891.47,491,26452.6,13438.87,5909.15,33982.33,21543.82,18347.65
17,2025-06,6,45174.55,555,29955.89,15218.66,6691.73,38482.82,24397.0,20777.55
17,2025-07,7,44178.2,543,29295.2,14883.01,6544.14,37634.06,23858.91,20319.29
17,2025-08,8,46137.57,567,30594.48,15543.09,6834.38,39303.19,24917.09,21220.48
17,2025-09,9,38723.92,476,25678.39,13045.54,5736.2,32987.73,20913.27,17810.65
17,2025-10,10,40023.82,492,26540.36,13483.45,5928.75,34095.07,21615.29,18408.52
17,2025-11,11,40261.13,495,26697.73,13563.4,5963.9,34297.23,21743.46,18517.67
17,2025-12,12,40377.22,496,26774.71,13602.51,5981.1,34396.12,21806.15,18571.07
18,2025-01,1,11419.55,136,7753.49,3666.06,3024.5,8395.05,6377.4,5042.16
18,2025-02,2,12108.85,145,8221.5,3887.35,3207.06,8901.79,6762.35,5346.51
18,2025-03,3,13071.7,156,8875.24,4196.46,3462.08,9609.62,7300.06,5771.64
18,2025-04,4,13061.87,156,8868.57,4193.3,3459.47,9602.4,7294.57,5767.3
18,2025-05,5,12704.38,152,8625.84,4078.53,3364.79,9339.59,7094.92,5609.45
18,2025-06,6,13206.63,158,8966.85,4239.77,3497.81,9708.82,7375.41,5831.21
18,2025-07,7,12877.17,154,8743.16,4134.01,3410.55,9466.61,7191.42,5685.75
18,2025-08,8,12383.94,148,8408.28,3975.66,3279.92,9104.02,6915.98,5467.97
18,2025-09,9,12583.68,150,8543.89,4039.79,3332.82,9250.86,7027.52,5556.16
18,2025-10,10,12597.68,150,8553.4,4044.28,3336.53,9261.15,7035.34,5562.34
18,2025-11,11,13137.88,157,8920.18,4217.7,3479.61,9658.28,7337.02,5800.86
18,2025-12,12,11601.04,139,7876.71,3724.32,3072.57,8528.47,6478.75,5122.29
19,2025-01,1,39459.86,425,30761.08,8698.78,3178.65,36281.21,19763.19,19696.67
19,2025-02,2,34911.66,376,27215.52,7696.15,2812.28,32099.39,17485.26,17426.41
19,2025-03,3,37951.48,409,29585.22,8366.26,3057.14,34894.34,19007.73,18943.75
19,2025-04,4,43354.0,467,33796.77,9557.23,3492.34,39861.66,21713.54,21640.46
19,2025-05,5,42856.42,462,33408.88,9447.54,3452.26,39404.17,21464.33,21392.09
19,2025-06,6,44541.05,480,34722.14,9818.91,3587.96,40953.09,22308.07,22232.99
19,2025-07,7,45183.67,487,35223.1,9960.57,3639.73,41543.95,22629.92,22553.75
19,2025-08,8,38073.19,410,29680.09,8393.09,3066.95,35006.24,19068.68,19004.5
19,2025-09,9,39477.28,425,30774.66,8702.62,3180.05,36297.23,19771.92,19705.37
19,2025-10,10,42027.57,453,32762.75,9264.82,3385.49,38642.08,21049.21,20978.36
19,2025-11,11,41713.77,449,32518.12,9195.64,3360.21,38353.55,20892.04,20821.73
19,2025-12,12,39498.32,425,30791.06,8707.26,3181.75,36316.57,19782.45,19715.87
20,2025-01,1,13672.71,117,9950.66,3722.05,5202.16,8470.55,8235.28,5437.43
20,2025-02,2,13062.18,111,9506.33,3555.85,4969.87,8092.31,7867.55,5194.64
20,2025-03,3,13234.75,113,9631.92,3602.83,5035.53,8199.22,7971.49,5263.27
20,2025-04,4,13422.17,114,9768.32,3653.85,5106.84,8315.33,8084.37,5337.8
20,2025-05,5,14388.36,123,10471.49,3916.87,5474.45,8913.91,8666.32,5722.04
20,2025-06,6,15465.97,132,11255.75,4210.22,5884.46,9581.51,9315.38,6150.59
20,2025-07,7,14298.49,122,10406.09,3892.41,5440.26,8858.23,8612.19,5686.3
20,2025-08,8,15603.54,133,11355.86,4247.67,5936.8,9666.74,9398.24,6205.29
20,2025-09,9,13991.39,119,10182.58,3808.81,5323.41,8667.98,8427.22,5564.17
20,2025-10,10,13912.26,119,10125.0,3787.27,5293.31,8618.95,8379.56,5532.7
20,2025-11,11,14981.15,128,10902.9,4078.24,5699.99,9281.15,9023.37,5957.78
20,2025-12,12,13874.89,118,10097.79,3777.09,5279.09,8595.8,8357.05,5517.84
21,2025-01,1,68057.61,746,50010.28,18047.33,10079.68,57977.94,42539.64,25517.98
21,2025-02,2,58431.06,640,42936.47,15494.59,8653.93,49777.12,36522.52,21908.53
21,2025-03,3,70392.26,771,51725.83,18666.42,10425.45,59966.81,43998.91,26393.35
21,2025-04,4,62923.52,690,46237.64,16685.89,9319.29,53604.23,39330.56,23592.97
21,2025-05,5,70969.15,778,52149.74,18819.4,10510.89,60458.26,44359.5,26609.65
21,2025-06,6,61240.13,671,45000.64,16239.49,9069.97,52170.16,38278.35,22961.79
21,2025-07,7,70053.84,768,51477.15,18576.68,10375.33,59678.51,43787.38,26266.46
21,2025-08,8,73558.14,806,54052.2,19505.95,10894.33,62663.81,45977.76,27580.38
21,2025-09,9,61448.54,673,45153.78,16294.75,9100.84,52347.7,38408.61,23039.93
21,2025-10,10,67733.56,742,49772.16,17961.4,10031.68,57701.88,42337.08,25396.48
21,2025-11,11,68474.07,750,50316.3,18157.77,10141.36,58332.71,42799.94,25674.13
21,2025-12,12,56177.66,616,41280.62,14897.04,8320.19,47857.46,35114.03,21063.63
22,2025-01,1,59200.48,630,41033.43,18167.06,22095.01,37105.47,38739.13,20461.36
22,2025-02,2,71983.86,766,49893.92,22089.94,26866.07,45117.79,47104.21,24879.65
22,2025-03,3,72091.03,768,49968.2,22122.82,26906.07,45184.96,47174.34,24916.69
22,2025-04,4,75823.4,807,52555.21,23268.19,28299.08,47524.32,49616.7,26206.71
22,2025-05,5,74119.69,789,51374.32,22745.37,27663.21,46456.48,48501.84,25617.86
22,2025-06,6,76595.95,816,53090.68,23505.26,28587.41,48008.54,50122.23,26473.72
22,2025-07,7,65533.78,698,45423.2,20110.58,24458.75,41075.03,42883.46,22650.32
22,2025-08,8,67781.75,722,46981.33,20800.42,25297.74,42484.01,44354.47,23427.29
22,2025-09,9,71073.63,757,49263.02,21810.61,26526.35,44547.28,46508.58,24565.05
22,2025-10,10,65079.78,693,45108.52,19971.26,24289.3,40790.48,42586.37,22493.41
22,2025-11,11,70338.17,749,48753.25,21584.92,26251.86,44086.31,46027.32,24310.86
22,2025-12,12,65241.46,695,45220.59,20020.88,24349.65,40891.82,42692.18,22549.29
23,2025-01,1,52470.91,488,38050.65,14420.26,11127.62,41343.29,30844.73,21626.18
23,2025-02,2,62028.6,577,44981.66,17046.94,13154.54,48874.06,36463.17,25565.43
23,2025-03,3,60413.24,562,43810.24,16603.0,12811.96,47601.27,35513.58,24899.65
23,2025-04,4,60466.16,562,43848.62,16617.55,12823.19,47642.98,35544.7,24921.47
23,2025-05,5,67031.51,623,48609.65,18421.86,14215.51,52815.99,39404.1,27627.41
23,2025-06,6,56954.15,530,41301.79,15652.36,12078.39,44875.76,33480.18,23473.97
23,2025-07,7,67531.44,628,48972.19,18559.25,14321.54,53209.9,39697.98,27833.46
23,2025-08,8,64636.48,601,46872.83,17763.65,13707.6,50928.89,37996.2,26640.29
23,2025-09,9,58196.68,541,42202.84,15993.84,12341.89,45854.79,34210.6,23986.09
23,2025-10,10,57575.53,535,41752.4,15823.13,12210.16,45365.36,33845.45,23730.08
23,2025-11,11,63499.97,591,46048.66,17451.31,13466.57,50033.4,37328.1,26171.87
23,2025-12,12,58338.09,543,42305.38,16032.7,12371.88,45966.2,34293.72,24044.37
24,2025-01,1,52368.96,585,34139.44,18229.53,12076.17,40292.79,28445.18,23923.79
24,2025-02,2,52918.73,591,34497.83,18420.9,12202.95,40715.79,28743.79,24174.94
24,2025-03,3,59856.07,668,39020.3,20835.77,13802.68,46053.39,32511.94,27344.13
24,2025-04,4,61671.76,689,40203.95,21467.81,14221.38,47450.38,33498.16,28173.6
24,2025-05,5,56145.28,627,36601.23,19544.05,12946.98,43198.3,30496.35,25648.93
24,2025-06,6,61992.08,692,40412.77,21579.31,14295.24,47696.84,33672.15,28319.93
24,2025-07,7,58424.7,652,38087.19,20337.52,13472.61,44952.09,31734.46,26690.24
24,2025-08,8,61909.22,691,40358.75,21550.47,14276.13,47633.08,33627.14,28282.07
24,2025-09,9,59472.62,664,38770.33,20702.3,13714.26,45758.36,32303.66,27168.96
24,2025-10,10,55350.53,618,36083.13,19267.4,12763.71,42586.82,30064.67,25285.86
24,2025-11,11,56440.81,630,36793.88,19646.93,13015.13,43425.68,30656.87,25783.93
24,2025-12,12,48212.78,538,31430.01,16782.77,11117.76,37095.02,26187.67,22025.11
25,2025-01,1,69933.22,1018,42436.65,27496.57,11167.74,58765.49,33989.21,35944.02
25,2025-02,2,73017.76,1063,44308.4,28709.36,11660.31,61357.45,35488.37,37529.4
25,2025-03,3,79685.85,1160,48354.71,31331.15,12725.15,66960.7,38729.22,40956.64
25,2025-04,4,79650.73,1159,48333.39,31317.33,12719.54,66931.19,38712.14,40938.58
25,2025-05,5,87657.02,1276,53191.75,34465.28,13998.08,73658.95,42603.39,45053.63
25,2025-06,6,89215.27,1299,54137.32,35077.95,14246.92,74968.36,43360.74,45854.53
25,2025-07,7,91323.34,1329,55416.53,35906.81,14583.56,76739.79,44385.31,46938.03
25,2025-08,8,86191.86,1255,52302.66,33889.2,13764.1,72427.76,41891.29,44300.57
25,2025-09,9,84158.7,1225,51068.91,33089.79,13439.42,70719.28,40903.13,43255.57
25,2025-10,10,79567.84,1158,48283.09,31284.74,12706.3,66861.53,38671.86,40895.98
25,2025-11,11,76164.7,1109,46218.01,29946.69,12162.85,64001.85,37017.85,39146.85
25,2025-12,12,69311.72,1009,42059.51,27252.21,11068.49,58243.23,33687.14,35624.58
26,2025-01,1,72496.39,697,53809.22,18687.17,8372.21,64124.18,46738.05,25758.34
26,2025-02,2,74376.73,715,55204.87,19171.86,8589.36,65787.37,47950.29,26426.44
26,2025-03,3,69701.59,670,51734.83,17966.77,8049.45,61652.14,44936.26,24765.34
26,2025-04,4,68561.99,659,50888.98,17673.02,7917.85,60644.15,44201.56,24360.43
26,2025-05,5,71781.33,690,53278.47,18502.85,8289.63,63491.7,46277.05,25504.28
26,2025-06,6,74475.1,716,55277.88,19197.22,8600.72,65874.38,48013.71,26461.39
26,2025-07,7,77177.76,742,57283.88,19893.88,8912.84,68264.93,49756.1,27421.66
26,2025-08,8,73113.59,703,54267.32,18846.27,8443.49,64670.1,47135.95,25977.64
26,2025-09,9,71363.25,686,52968.16,18395.09,8241.35,63121.9,46007.52,25355.73
26,2025-10,10,73039.04,702,54211.99,18827.05,8434.88,64604.17,47087.89,25951.15
26,2025-11,11,70072.16,674,52009.87,18062.29,8092.25,61979.91,45175.16,24897.0
26,2025-12,12,62647.16,603,46498.79,16148.37,7234.78,55412.39,40388.3,22258.86
27,2025-01,1,42121.3,421,31440.27,10681.03,10112.78,32008.52,29350.66,12770.64
27,2025-02,2,43499.51,435,32469.0,11030.51,10443.67,33055.84,30311.02,13188.5
27,2025-03,3,41714.66,417,31136.75,10577.91,10015.16,31699.51,29067.31,12647.35
27,2025-04,4,43052.09,430,32135.04,10917.05,10336.25,32715.84,29999.25,13052.84
27,2025-05,5,43775.13,437,32674.73,11100.4,10509.85,33265.29,30503.07,13272.06
27,2025-06,6,47350.46,473,35343.44,12007.03,11368.24,35982.22,32994.41,14356.06
27,2025-07,7,46562.03,465,34754.93,11807.1,11178.95,35383.08,32445.02,14117.01
27,2025-08,8,43385.44,433,32383.85,11001.58,10416.29,32969.15,30231.53,13153.91
27,2025-09,9,45536.84,455,33989.71,11547.13,10932.81,34604.03,31730.65,13806.19
27,2025-10,10,39453.54,394,29449.0,10004.54,9472.29,29981.25,27491.73,11961.81
27,2025-11,11,41358.08,413,30870.59,10487.49,9929.54,31428.53,28818.84,12539.24
27,2025-12,12,44234.3,442,33017.46,11216.84,10620.09,33614.21,30823.02,13411.27
28,2025-01,1,43239.05,582,27555.99,15683.06,14351.22,28887.83,23760.98,19478.07
28,2025-02,2,39750.02,535,25332.45,14417.57,13193.2,26556.82,21843.67,17906.35
28,2025-03,3,49225.55,663,31371.15,17854.4,16338.17,32887.38,27050.72,22174.83
28,2025-04,4,46214.47,622,29452.2,16762.26,15338.77,30875.69,25396.05,20818.41
28,2025-05,5,47701.64,642,30399.97,17301.67,15832.37,31869.27,26213.29,21488.35
28,2025-06,6,51178.14,689,32615.52,18562.62,16986.24,34191.9,28123.72,23054.42
28,2025-07,7,47524.18,640,30286.88,17237.3,15773.47,31750.71,26115.77,21408.41
28,2025-08,8,50891.9,685,32433.1,18458.79,16891.23,34000.66,27966.42,22925.47
28,2025-09,9,48383.65,651,30834.61,17549.04,16058.73,32324.91,26588.07,21795.57
28,2025-10,10,42601.92,573,27149.95,15451.97,14139.75,28462.16,23410.86,19191.06
28,2025-11,11,46604.27,627,29700.62,16903.65,15468.15,31136.12,25610.26,20994.01
28,2025-12,12,42622.16,574,27162.85,15459.31,14146.47,28475.69,23421.98,19200.17
29,2025-01,1,55199.59,390,37228.67,17970.92,10008.26,45191.34,20778.82,34420.77
29,2025-02,2,51337.7,362,34624.07,16713.63,9308.05,42029.65,19325.09,32012.61
29,2025-03,3,57666.87,407,38892.7,18774.18,10455.6,47211.27,21707.58,35959.29
29,2025-04,4,60221.64,425,40615.73,19605.91,10918.8,49302.83,22669.27,37552.36
29,2025-05,5,61316.69,433,41354.27,19962.42,11117.35,50199.34,23081.48,38235.2
29,2025-06,6,57987.55,409,39108.97,18878.57,10513.74,47473.81,21828.29,36159.25
29,2025-07,7,58027.44,410,39135.88,18891.56,10520.97,47506.47,21843.31,36184.13
29,2025-08,8,58306.1,411,39323.82,18982.28,10571.5,47734.6,21948.21,36357.89
29,2025-09,9,57513.65,406,38789.36,18724.29,10427.82,47085.83,21649.9,35863.75
29,2025-10,10,57234.38,404,38601.01,18633.37,10377.18,46857.2,21544.78,35689.6
29,2025-11,11,51234.59,362,34554.53,16680.07,9289.36,41945.23,19286.27,31948.32
29,2025-12,12,56279.55,397,37957.04,18322.52,10204.06,46075.49,21185.35,35094.2
30,2025-01,1,66564.53,712,41903.4,24661.13,21693.8,44870.73,44129.23,22435.3
30,2025-02,2,77478.33,829,48773.81,28704.52,25250.67,52227.66,51364.58,26113.75
30,2025-03,3,83635.75,895,52650.0,30985.75,27257.42,56378.33,55446.66,28189.08
30,2025-04,4,73252.76,784,46113.75,27139.01,23873.54,49379.23,48563.22,24689.54
30,2025-05,5,88394.05,945,55645.43,32748.63,28808.18,59585.88,58601.2,29792.85
30,2025-06,6,75434.33,807,47487.08,27947.25,24584.52,50849.81,50009.5,25424.83
30,2025-07,7,81972.13,877,51602.72,30369.4,26715.23,55256.9,54343.76,27628.37
30,2025-08,8,90295.95,966,56842.7,33453.25,29428.02,60867.93,59862.07,30433.88
30,2025-09,9,75871.89,812,47762.53,28109.36,24727.13,51144.76,50299.58,25572.31
30,2025-10,10,84819.99,907,53395.49,31424.49,27643.37,57176.62,56231.76,28588.23
30,2025-11,11,84062.3,899,52918.52,31143.78,27396.43,56665.87,55729.45,28332.85
30,2025-12,12,81099.9,867,51053.64,30046.26,26430.97,54668.93,53765.51,27334.39
31,2025-01,1,47096.58,658,33634.2,13462.38,3858.14,43238.44,18052.79,29043.79
31,2025-02,2,51149.21,715,36528.4,14620.81,4190.13,46959.08,19606.22,31542.99
31,2025-03,3,53551.69,749,38244.14,15307.55,4386.94,49164.75,20527.13,33024.56
31,2025-04,4,55334.24,774,39517.16,15817.08,4532.97,50801.27,21210.4,34123.84
31,2025-05,5,50820.05,710,36293.33,14526.72,4163.16,46656.88,19480.05,31340.0
31,2025-06,6,55329.65,773,39513.88,15815.77,4532.59,50797.06,21208.65,34121.01
31,2025-07,7,53065.42,742,37896.87,15168.55,4347.1,48718.31,20340.73,32724.69
31,2025-08,8,60513.56,846,43215.99,17297.57,4957.25,55556.3,23195.71,37317.85
31,2025-09,9,55703.91,779,39781.16,15922.75,4563.25,51140.66,21352.1,34351.8
31,2025-10,10,52562.09,735,37537.42,15024.67,4305.87,48256.22,20147.8,32414.29
31,2025-11,11,51470.37,719,36757.76,14712.61,4216.44,47253.93,19729.33,31741.04
31,2025-12,12,46806.08,654,33426.74,13379.34,3834.34,42971.74,17941.44,28864.64
32,2025-01,1,44026.83,399,33776.36,10250.47,7612.93,36413.9,18692.44,25334.38
32,2025-02,2,40778.04,369,31283.96,9494.08,7051.16,33726.88,17313.11,23464.93
32,2025-03,3,42123.41,382,32316.1,9807.31,7283.8,34839.61,17884.31,24239.1
32,2025-04,4,42441.26,384,32559.95,9881.32,7338.76,35102.5,18019.26,24422.0
32,2025-05,5,47450.36,430,36402.81,11047.55,8204.91,39245.45,20145.97,27304.39
32,2025-06,6,42162.52,382,32346.1,9816.42,7290.56,34871.96,17900.91,24261.6
32,2025-07,7,40460.62,366,31040.44,9420.17,6996.28,33464.34,17178.34,23282.28
32,2025-08,8,46998.16,426,36055.89,10942.27,8126.72,38871.44,19953.98,27044.18
32,2025-09,9,41976.53,380,32203.41,9773.11,7258.4,34718.13,17821.95,24154.58
32,2025-10,10,41360.94,375,31731.15,9629.79,7151.96,34208.99,17560.59,23800.35
32,2025-11,11,44495.78,403,34136.13,10359.66,7694.02,36801.76,18891.55,25604.24
32,2025-12,12,37557.77,340,28813.45,8744.32,6494.33,31063.44,15945.88,21611.89
33,2025-01,1,73593.68,653,53108.86,20484.82,20323.59,53270.09,45946.78,27646.9
33,2025-02,2,74782.11,664,53966.5,20815.62,20651.79,54130.33,46688.76,28093.35
33,2025-03,3,78315.39,695,56516.29,21799.11,21627.53,56687.86,48894.69,29420.7
33,2025-04,4,89723.86,796,64749.21,24974.65,24778.09,64945.77,56017.35,33706.51
33,2025-05,5,77487.81,688,55919.06,21568.75,21398.99,56088.82,48378.0,29109.8
33,2025-06,6,92529.8,821,66774.11,25755.69,25552.98,66976.82,57769.18,34760.62
33,2025-07,7,76331.92,677,55084.91,21247.0,21079.78,55252.14,47656.35,28675.57
33,2025-08,8,82695.45,734,59677.15,23018.3,22837.13,59858.32,51629.3,31066.15
33,2025-09,9,80763.4,717,58282.89,22480.51,22303.57,58459.83,50423.06,30340.34
33,2025-10,10,81768.79,726,59008.43,22760.36,22581.22,59187.57,51050.75,30718.03
33,2025-11,11,85904.02,762,61992.62,23911.4,23723.21,62180.82,53632.51,32271.52
33,2025-12,12,75722.34,672,54645.01,21077.33,20911.44,54810.9,47275.77,28446.57
34,2025-01,1,58517.56,628,38473.79,20043.78,18637.17,39880.39,29156.45,29361.11
34,2025-02,2,56496.21,607,37144.8,19351.41,17993.39,38502.82,28149.31,28346.9
34,2025-03,3,56021.87,602,36832.93,19188.94,17842.32,38179.55,27912.97,28108.9
34,2025-04,4,58583.38,629,38517.06,20066.32,18658.13,39925.25,29189.25,29394.13
34,2025-05,5,56816.95,610,37355.68,19461.27,18095.54,38721.4,28309.12,28507.83
34,2025-06,6,66845.68,718,43949.31,22896.37,21289.58,45556.1,33305.95,33539.73
34,2025-07,7,69109.79,742,45437.9,23671.89,22010.67,47099.12,34434.04,34675.74
34,2025-08,8,57431.46,617,37759.7,19671.76,18291.26,39140.2,28615.3,28816.16
34,2025-09,9,58097.06,624,38197.32,19899.74,18503.25,39593.81,28946.94,29150.12
34,2025-10,10,59233.59,636,38944.56,20289.04,18865.22,40368.38,29513.22,29720.38
34,2025-11,11,62379.49,670,41012.9,21366.58,19867.15,42512.34,31080.66,31298.82
34,2025-12,12,58663.9,630,38570.0,20093.9,18683.78,39980.12,29229.37,29434.53
35,2025-01,1,52969.55,537,40514.87,12454.69,2883.28,50086.28,21083.16,31886.39
35,2025-02,2,51508.81,522,39397.58,12111.22,2803.77,48705.04,20501.75,31007.06
35,2025-03,3,55583.89,564,42514.5,13069.4,3025.58,52558.31,22123.73,33460.16
35,2025-04,4,63458.16,643,48537.3,14920.87,3454.2,60003.96,25257.88,38200.28
35,2025-05,5,56362.57,571,43110.09,13252.49,3067.97,53294.6,22433.66,33928.91
35,2025-06,6,57324.35,581,43845.72,13478.63,3120.32,54204.03,22816.48,34507.88
35,2025-07,7,61587.85,624,47106.75,14481.1,3352.4,58235.46,24513.45,37074.4
35,2025-08,8,61936.47,628,47373.4,14563.07,3371.37,58565.1,24652.21,37284.26
35,2025-09,9,58872.4,597,45029.78,13842.62,3204.59,55667.82,23432.64,35439.77
35,2025-10,10,51790.8,525,39613.27,12177.53,2819.12,48971.69,20613.99,31176.81
35,2025-11,11,58770.43,596,44951.79,13818.64,3199.04,55571.4,23392.05,35378.38
35,2025-12,12,51945.44,527,39731.55,12213.89,2827.53,49117.91,20675.54,31269.9
36,2025-01,1,58416.36,631,36285.1,22131.25,16703.7,41712.66,22803.8,35612.55
36,2025-02,2,70397.63,760,43727.23,26670.4,20129.65,50267.98,27480.89,42916.73
36,2025-03,3,65317.31,705,40571.6,24745.7,18676.97,46640.33,25497.7,39819.6
36,2025-04,4,66245.49,715,41148.14,25097.35,18942.38,47303.12,25860.04,40385.46
36,2025-05,5,72083.04,778,44774.12,27308.93,20611.58,51471.46,28138.82,43944.22
36,2025-06,6,79114.7,854,49141.81,29972.9,22622.23,56492.47,30883.75,48230.95
36,2025-07,7,67536.76,729,41950.21,25586.55,19311.61,48225.15,26364.11,41172.65
36,2025-08,8,79956.99,863,49664.99,30292.0,22863.07,57093.92,31212.55,48744.44
36,2025-09,9,63166.03,682,39235.35,23930.68,18061.83,45104.2,24657.92,38508.11
36,2025-10,10,72189.87,779,44840.47,27349.4,20642.13,51547.74,28180.52,44009.34
36,2025-11,11,72014.18,777,44731.35,27282.84,20591.89,51422.29,28111.94,43902.24
36,2025-12,12,67008.09,723,41621.83,25386.26,19160.44,47847.65,26157.73,40850.36
37,2025-01,1,61249.03,548,44087.98,17161.06,21862.66,39386.38,40002.44,21246.6
37,2025-02,2,57767.06,517,41581.59,16185.46,20619.77,37147.28,37728.32,20038.74
37,2025-03,3,66799.45,598,48083.24,18716.2,23843.86,42955.59,43627.47,23171.97
37,2025-04,4,67103.28,601,48301.95,18801.33,23952.31,43150.97,43825.91,23277.37
37,2025-05,5,68179.45,611,49076.59,19102.86,24336.45,43843.0,44528.77,23650.68
37,2025-06,6,72286.67,647,52033.03,20253.64,25802.51,46484.17,47211.24,25075.43
37,2025-07,7,73082.44,654,52605.84,20476.6,26086.55,46995.89,47730.97,25351.47
37,2025-08,8,66730.17,598,48033.38,18696.79,23819.13,42911.04,43582.22,23147.94
37,2025-09,9,65582.75,587,47207.45,18375.3,23409.56,42173.19,42832.83,22749.92
37,2025-10,10,70160.93,628,50502.89,19658.04,25043.73,45117.2,45822.9,24338.04
37,2025-11,11,71312.42,639,51331.75,19980.67,25454.75,45857.67,46574.95,24737.47
37,2025-12,12,67503.81,604,48590.26,18913.55,24095.28,43408.53,44087.5,23416.31
38,2025-01,1,63442.97,891,45979.98,17462.99,19561.3,43881.67,29033.33,34409.65
38,2025-02,2,56271.4,790,40782.42,15488.98,17350.1,38921.3,25751.41,30519.99
38,2025-03,3,64482.75,906,46733.55,17749.2,19881.9,44600.85,29509.16,34973.59
38,2025-04,4,69050.23,970,50043.81,19006.42,21290.18,47760.04,31599.37,37450.86
38,2025-05,5,58489.25,821,42389.79,16099.46,18033.93,40455.32,26766.36,31722.89
38,2025-06,6,60621.47,851,43935.11,16686.36,18691.35,41930.12,27742.13,32879.34
38,2025-07,7,56497.03,793,40945.94,15551.09,17419.67,39077.36,25854.66,30642.37
38,2025-08,8,60212.89,846,43638.99,16573.9,18565.38,41647.52,27555.15,32657.74
38,2025-09,9,62457.72,877,45265.92,17191.8,19257.52,43200.19,28582.44,33875.27
38,2025-10,10,58696.03,824,42539.66,16156.37,18097.68,40598.35,26860.99,31835.04
38,2025-11,11,64694.99,909,46887.37,17807.62,19947.34,44747.65,29606.29,35088.7
38,2025-12,12,57577.37,809,41728.91,15848.46,17752.77,39824.6,26349.06,31228.31
39,2025-01,1,41108.97,430,29656.4,11452.57,14024.94,27084.03,19082.29,22026.68
39,2025-02,2,48336.21,505,34870.2,13466.01,16490.62,31845.59,22437.09,25899.12
39,2025-03,3,42499.88,444,30659.82,11840.07,14499.47,28000.41,19727.94,22771.95
39,2025-04,4,51253.9,536,36975.05,14278.85,17486.03,33767.86,23791.45,27462.45
39,2025-05,5,44266.85,463,31934.52,12332.32,15102.3,29164.55,20548.14,23718.71
39,2025-06,6,44964.46,470,32437.79,12526.67,15340.3,29624.16,20871.96,24092.49
39,2025-07,7,47938.43,501,34583.24,13355.19,16354.91,31583.52,22252.45,25685.99
39,2025-08,8,45987.89,481,33176.1,12811.79,15689.46,30298.43,21347.03,24640.86
39,2025-09,9,43779.73,458,31583.11,12196.62,14936.11,28843.62,20322.03,23457.7
39,2025-10,10,44237.44,463,31913.31,12324.13,15092.26,29145.18,20534.49,23702.95
39,2025-11,11,48287.9,505,34835.35,13452.55,16474.14,31813.76,22414.66,25873.23
39,2025-12,12,44031.95,460,31765.06,12266.88,15022.16,29009.79,20439.1,23592.84
40,2025-01,1,53007.61,553,38205.3,14802.32,3558.55,49449.07,24096.96,28910.66
40,2025-02,2,62951.28,657,45372.21,17579.08,4226.09,58725.19,28617.29,34333.99
40,2025-03,3,64634.12,675,46585.11,18049.01,4339.06,60295.05,29382.3,35251.82
40,2025-04,4,65513.14,684,47218.67,18294.47,4398.07,61115.06,29781.9,35731.24
40,2025-05,5,63375.56,662,45678.0,17697.55,4254.57,59120.98,28810.16,34565.39
40,2025-06,6,59059.4,616,42567.13,16492.27,3964.82,55094.58,26848.06,32211.34
40,2025-07,7,59948.87,626,43208.21,16740.66,4024.53,55924.34,27252.41,32696.46
40,2025-08,8,66313.83,692,47795.76,18518.06,4451.83,61862.0,30145.88,36167.94
40,2025-09,9,58262.18,608,41992.53,16269.65,3911.3,54350.88,26485.65,31776.53
40,2025-10,10,55745.53,582,40178.66,15566.88,3742.35,52003.18,25341.6,30403.93
40,2025-11,11,63820.9,666,45998.98,17821.92,4284.47,59536.43,29012.61,34808.29
40,2025-12,12,55075.65,575,39695.84,15379.82,3697.38,51378.28,25037.08,30038.58
41,2025-01,1,52672.22,620,37924.0,14748.22,14748.22,37924.0,27389.55,25282.67
41,2025-02,2,57495.55,676,41396.8,16098.76,16098.76,41396.8,29897.69,27597.87
41,2025-03,3,64730.56,762,46606.0,18124.56,18124.56,46606.0,33659.89,31070.67
41,2025-04,4,71161.67,837,51236.4,19925.27,19925.27,51236.4,37004.07,34157.6
41,2025-05,5,74377.22,875,53551.6,20825.62,20825.62,53551.6,38676.16,35701.07
41,2025-06,6,75985.0,894,54709.2,21275.8,21275.8,54709.2,39512.2,36472.8
41,2025-07,7,73573.33,866,52972.8,20600.53,20600.53,52972.8,38258.13,35315.2
41,2025-08,8,66338.33,780,47763.6,18574.73,18574.73,47763.6,34495.93,31842.4
41,2025-09,9,69553.89,818,50078.8,19475.09,19475.09,50078.8,36168.02,33385.87
41,2025-10,10,75181.11,884,54130.4,21050.71,21050.71,54130.4,39094.18,36086.93
41,2025-11,11,79200.56,932,57024.4,22176.16,22176.16,57024.4,41184.29,38016.27
41,2025-12,12,64730.56,762,46606.0,18124.56,18124.56,46606.0,33659.89,31070.67
42,2025-01,1,82104.12,1038,64172.93,17931.19,28452.89,53651.23,51980.98,30123.14
42,2025-02,2,69320.58,876,54181.26,15139.32,24022.8,45297.78,43887.59,25432.99
42,2025-03,3,85982.35,1087,67204.17,18778.18,29796.87,56185.47,54436.33,31546.02
42,2025-04,4,83577.3,1056,65324.37,18252.92,28963.41,54613.89,52913.67,30663.63
42,2025-05,5,87765.24,1109,68597.69,19167.55,30414.73,57350.51,55565.1,32200.14
42,2025-06,6,85351.7,1079,66711.25,18640.45,29578.32,55773.38,54037.06,31314.64
42,2025-07,7,82222.41,1039,64265.39,17957.02,28493.88,53728.53,52055.87,30166.54
42,2025-08,8,81655.93,1032,63822.62,17833.31,28297.57,53358.36,51697.23,29958.7
42,2025-09,9,77909.27,985,60894.22,17015.05,26999.18,50910.09,49325.18,28584.09
42,2025-10,10,85137.13,1076,66543.55,18593.59,29503.97,55633.17,53901.22,31235.92
42,2025-11,11,77739.73,982,60761.71,16978.03,26940.43,50799.31,49217.84,28521.89
42,2025-12,12,76254.04,964,59600.48,16653.56,26425.56,49828.48,48277.23,27976.8
43,2025-01,1,48243.03,652,36190.5,12052.54,19197.38,29045.66,26064.74,22178.3
43,2025-02,2,52831.21,714,39632.41,13198.8,21023.15,31808.06,28543.64,24287.57
43,2025-03,3,52336.95,707,39261.63,13075.32,20826.47,31510.48,28276.6,24060.35
43,2025-04,4,57854.83,782,43400.98,14453.85,23022.2,34832.62,31257.8,26597.03
43,2025-05,5,53732.57,726,40308.58,13423.98,21381.83,32350.74,29030.62,24701.94
43,2025-06,6,55324.06,748,41502.48,13821.59,22015.13,33308.93,29890.48,25433.59
43,2025-07,7,52604.51,711,39462.35,13142.16,20932.94,31671.57,28421.16,24183.35
43,2025-08,8,52252.06,706,39197.95,13054.11,20792.69,31459.37,28230.74,24021.33
43,2025-09,9,48036.94,649,36035.89,12001.05,19115.37,28921.57,25953.39,22083.55
43,2025-10,10,53455.01,723,40100.37,13354.64,21271.38,32183.63,28880.66,24574.35
43,2025-11,11,49220.77,665,36923.96,12296.8,19586.45,29634.32,26592.99,22627.78
43,2025-12,12,53703.84,726,40287.03,13416.81,21370.4,32333.44,29015.1,24688.74
44,2025-01,1,64501.3,424,41744.6,22756.7,24622.14,39879.16,35571.96,28929.33
44,2025-02,2,74530.99,490,48235.71,26295.27,28450.78,46080.21,41103.26,33427.73
44,2025-03,3,77150.36,507,49930.95,27219.41,29450.67,47699.69,42547.82,34602.54
44,2025-04,4,70442.47,463,45589.66,24852.8,26890.06,43552.4,38848.47,31593.99
44,2025-05,5,71787.65,472,46460.25,25327.4,27403.56,44384.09,39590.33,32197.32
44,2025-06,6,71713.67,472,46412.37,25301.3,27375.32,44338.35,39549.53,32164.14
44,2025-07,7,76600.01,504,49574.76,27025.25,29240.59,47359.42,42244.31,34355.7
44,2025-08,8,70848.06,466,45852.16,24995.9,27044.89,43803.17,39072.16,31775.91
44,2025-09,9,70398.16,463,45560.99,24837.17,26873.15,43525.01,38824.04,31574.12
44,2025-10,10,73222.52,482,47388.89,25833.63,27951.3,45271.22,40381.65,32840.87
44,2025-11,11,67583.59,444,43739.43,23844.16,25798.74,41784.85,37271.83,30311.77
44,2025-12,12,67993.66,447,44004.82,23988.84,25955.28,42038.38,37497.97,30495.68
45,2025-01,1,64091.98,712,47021.29,17070.69,16980.99,47110.99,40522.53,23569.45
45,2025-02,2,72858.11,809,53452.58,19405.52,19303.55,53554.56,46064.97,26793.14
45,2025-03,3,75630.65,840,55486.67,20143.98,20038.13,55592.53,47817.93,27812.73
45,2025-04,4,68620.32,762,50343.52,18276.8,18180.76,50439.56,43385.6,25234.72
45,2025-05,5,71740.47,797,52632.62,19107.84,19007.43,52733.03,45358.33,26382.13
45,2025-06,6,79054.74,878,57998.76,21055.98,20945.33,58109.41,49982.82,29071.91
45,2025-07,7,70124.37,779,51446.97,18677.4,18579.25,51545.12,44336.55,25787.82
45,2025-08,8,70256.85,780,51544.16,18712.69,18614.35,51642.49,44420.31,25836.54
45,2025-09,9,72126.67,801,52915.96,19210.71,19109.76,53016.91,45602.51,26524.16
45,2025-10,10,69788.86,775,51200.82,18588.04,18490.36,51298.5,44124.42,25664.44
45,2025-11,11,67533.48,750,49546.15,17987.33,17892.8,49640.67,42698.44,24835.04
45,2025-12,12,71383.08,793,52370.42,19012.65,18912.74,52470.33,45132.37,26250.71
46,2025-01,1,121119.52,1382,75346.03,45773.49,32072.22,89047.3,57518.32,63601.2
46,2025-02,2,112992.66,1290,70290.47,42702.19,29920.25,83072.41,53658.97,59333.7
46,2025-03,3,125497.29,1432,78069.35,47427.94,33231.45,92265.84,59597.27,65900.01
46,2025-04,4,122197.22,1395,76016.44,46180.78,32357.6,89839.62,58030.11,64167.11
46,2025-05,5,116787.59,1333,72651.22,44136.37,30925.14,85862.45,55461.13,61326.45
46,2025-06,6,114450.37,1306,71197.28,43253.09,30306.25,84144.12,54351.21,60099.15
46,2025-07,7,130518.32,1490,81192.83,49325.49,34561.01,95957.31,61981.71,68536.61
46,2025-08,8,126178.53,1440,78493.14,47685.4,33411.84,92766.69,59920.79,66257.74
46,2025-09,9,126465.11,1443,78671.41,47793.7,33487.73,92977.38,60056.88,66408.23
46,2025-10,10,124792.51,1424,77630.92,47161.59,33044.82,91747.68,59262.58,65529.93
46,2025-11,11,122408.55,1397,76147.91,46260.64,32413.56,89994.99,58130.47,64278.08
46,2025-12,12,109011.58,1244,67813.92,41197.66,28866.06,80145.52,51768.39,57243.19
47,2025-01,1,88341.4,1187,56155.77,32185.63,25133.89,63207.51,53468.64,34872.76
47,2025-02,2,92581.0,1244,58850.74,33730.25,26340.09,66240.91,56034.66,36546.34
47,2025-03,3,108970.43,1464,69268.97,39701.45,31003.02,77967.4,65954.36,43016.07
47,2025-04,4,107675.4,1447,68445.77,39229.63,30634.58,77040.82,65170.54,42504.86
47,2025-05,5,115913.22,1557,73682.28,42230.94,32978.31,82934.91,70156.48,45756.73
47,2025-06,6,115271.33,1549,73274.26,41997.08,32795.69,82475.65,69767.98,45503.35
47,2025-07,7,99024.46,1330,62946.65,36077.82,28173.31,70851.15,59934.56,39089.9
47,2025-08,8,108105.15,1452,68718.94,39386.2,30756.84,77348.3,65430.65,42674.5
47,2025-09,9,104279.43,1401,66287.06,37992.37,29668.39,74611.04,63115.13,41164.3
47,2025-10,10,96867.6,1301,61575.6,35292.0,27559.66,69307.93,58629.12,38238.48
47,2025-11,11,100948.6,1356,64169.76,36778.84,28720.74,72227.85,61099.15,39849.45
47,2025-12,12,106136.73,1426,67467.69,38669.05,30196.81,75939.92,64239.27,41897.47
48,2025-01,1,103960.08,1167,80990.62,22969.46,17635.05,86325.03,68694.32,35265.76
48,2025-02,2,128157.65,1439,99841.86,28315.79,21739.75,106417.9,84683.49,43474.16
48,2025-03,3,129970.67,1460,101254.3,28716.37,22047.3,107923.37,85881.49,44089.18
48,2025-04,4,123554.08,1388,96255.42,27298.66,20958.83,102595.25,81641.56,41912.52
48,2025-05,5,141083.34,1584,109911.68,31171.66,23932.37,117150.97,93224.48,47858.86
48,2025-06,6,136939.45,1538,106683.37,30256.09,23229.43,113710.02,90486.3,46453.16
48,2025-07,7,132964.62,1493,103586.75,29377.87,22555.17,110409.45,87859.82,45104.8
48,2025-08,8,124542.21,1399,97025.23,27516.98,21126.45,103415.76,82294.5,42247.72
48,2025-09,9,122126.55,1372,95143.3,26983.25,20716.68,101409.88,80698.29,41428.27
48,2025-10,10,122703.0,1378,95592.39,27110.62,20814.46,101888.54,81079.19,41623.81
48,2025-11,11,120125.37,1349,93584.27,26541.1,20377.21,99748.16,79375.95,40749.41
48,2025-12,12,104233.95,1171,81203.98,23029.97,17681.5,86552.45,68875.29,35358.66
49,2025-01,1,88753.18,945,70035.05,18718.13,4556.18,84196.99,33785.67,54967.51
49,2025-02,2,85205.05,907,67235.22,17969.83,4374.04,80831.01,32435.0,52770.05
49,2025-03,3,84190.29,896,66434.47,17755.81,4321.95,79868.34,32048.71,52141.58
49,2025-04,4,89284.6,950,70454.39,18830.21,4583.46,84701.13,33987.96,55296.64
49,2025-05,5,96378.66,1026,76052.31,20326.35,4947.64,91431.02,36688.46,59690.21
49,2025-06,6,101993.9,1086,80483.29,21510.61,5235.9,96758.0,38826.01,63167.89
49,2025-07,7,94322.89,1004,74430.1,19892.79,4842.11,89480.78,35905.89,58417.0
49,2025-08,8,87198.81,928,68808.49,18390.31,4476.39,82722.42,33193.96,54004.84
49,2025-09,9,95851.08,1020,75635.99,20215.08,4920.56,90930.52,36487.62,59363.45
49,2025-10,10,90310.01,961,71263.54,19046.47,4636.11,85673.91,34378.31,55931.71
49,2025-11,11,94940.93,1010,74917.8,20023.14,4873.84,90067.1,36141.16,58799.78
49,2025-12,12,82435.12,877,65049.47,17385.65,4231.84,78203.28,31380.57,51054.55
50,2025-01,1,114936.84,1482,89726.54,25210.31,32624.76,82312.09,72739.28,42197.56
50,2025-02,2,99212.38,1279,77451.08,21761.29,28161.37,71051.0,62787.85,36424.53
50,2025-03,3,105546.38,1361,82395.78,23150.6,29959.28,75587.1,66796.41,38749.98
50,2025-04,4,116349.75,1500,90829.54,25520.22,33025.81,83323.94,73633.46,42716.29
50,2025-05,5,119666.51,1543,93418.8,26247.72,33967.27,85699.24,75732.52,43934.0
50,2025-06,6,131578.18,1696,102717.75,28860.43,37348.39,94229.79,83270.97,48307.21
50,2025-07,7,121447.16,1566,94808.88,26638.28,34472.7,86974.45,76859.42,44587.74
50,2025-08,8,130762.32,1686,102080.85,28681.48,37116.81,93645.51,82754.64,48007.68
50,2025-09,9,114252.7,1473,89192.45,25060.25,32430.56,81822.14,72306.31,41946.39
50,2025-10,10,110439.64,1424,86215.75,24223.89,31348.23,79091.42,69893.17,40546.47
50,2025-11,11,108002.72,1393,84313.34,23689.37,30656.51,77346.21,68350.93,39651.79
50,2025-12,12,103810.33,1338,81040.52,22769.81,29466.5,74343.83,65697.72,38112.61
51,2025-01,1,99212.58,862,75545.89,23666.69,6442.52,92770.06,37445.7,61766.88
51,2025-02,2,108784.64,945,82834.58,25950.06,7064.1,101720.54,41058.48,67726.16
51,2025-03,3,104079.92,904,79252.15,24827.77,6758.59,97321.33,39282.78,64797.14
51,2025-04,4,117288.31,1019,89309.74,27978.57,7616.3,109672.01,44268.01,73020.3
51,2025-05,5,112125.86,974,85378.77,26747.09,7281.07,104844.79,42319.55,69806.31
51,2025-06,6,118075.26,1025,89908.97,28166.29,7667.4,110407.86,44565.03,73510.24
51,2025-07,7,119994.4,1042,91370.31,28624.09,7792.02,112202.37,45289.36,74705.03
51,2025-08,8,106084.65,921,80778.66,25305.99,6888.77,99195.88,40039.42,66045.23
51,2025-09,9,110706.33,961,84297.86,26408.47,7188.89,103517.44,41783.78,68922.55
51,2025-10,10,112321.22,975,85527.53,26793.69,7293.75,105027.46,42393.28,69927.94
51,2025-11,11,113825.87,988,86673.26,27152.62,7391.46,106434.41,42961.18,70864.69
51,2025-12,12,102573.02,891,78104.72,24468.3,6660.74,95912.28,38714.03,63858.99
52,2025-01,1,108582.21,1022,69936.83,38645.38,35290.41,73291.8,70971.11,37611.1
52,2025-02,2,92949.11,875,59867.69,33081.42,30209.48,62739.63,60753.06,32196.05
52,2025-03,3,107578.81,1013,69290.55,38288.26,34964.29,72614.51,70315.27,37263.54
52,2025-04,4,110863.04,1044,71405.89,39457.15,36031.7,74831.33,72461.89,38401.14
52,2025-05,5,109225.74,1028,70351.32,38874.42,35499.56,73726.18,71391.73,37834.01
52,2025-06,6,102755.6,968,66183.96,36571.64,33396.7,69358.9,67162.74,35592.86
52,2025-07,7,109549.09,1031,70559.59,38989.5,35604.66,73944.43,71603.07,37946.01
52,2025-08,8,112015.08,1055,72147.91,39867.17,36406.13,75608.95,73214.89,38800.19
52,2025-09,9,109583.92,1032,70582.02,39001.9,35615.98,73967.94,71625.84,37958.08
52,2025-10,10,104957.11,988,67601.93,37355.17,34112.21,70844.9,68601.68,36355.43
52,2025-11,11,104118.16,980,67061.58,37056.58,33839.54,70278.62,68053.33,36064.83
52,2025-12,12,109806.93,1034,70725.67,39081.27,35688.46,74118.48,71771.61,38035.33
53,2025-01,1,78757.24,658,59415.13,19342.11,12220.62,66536.62,48065.8,30691.44
53,2025-02,2,88197.24,737,66536.75,21660.49,13685.4,74511.84,53827.07,34370.18
53,2025-03,3,88963.5,743,67114.82,21848.68,13804.3,75159.2,54294.72,34668.78
53,2025-04,4,85997.15,718,64876.98,21120.17,13344.02,72653.13,52484.34,33512.81
53,2025-05,5,91282.93,763,68864.62,22418.31,14164.2,77118.73,55710.27,35572.66
53,2025-06,6,99725.82,833,75234.01,24491.81,15474.27,84251.55,60862.99,38862.82
53,2025-07,7,89438.02,747,67472.8,21965.22,13877.93,75560.09,54584.32,34853.7
53,2025-08,8,93273.07,779,70365.99,22907.07,14473.01,78800.06,56924.86,36348.21
53,2025-09,9,87004.39,727,65636.86,21367.54,13500.31,73504.08,53099.07,33905.33
53,2025-10,10,84495.2,706,63743.9,20751.3,13110.96,71384.23,51567.7,32927.5
53,2025-11,11,79943.86,668,60310.33,19633.53,12404.74,67539.12,48790.0,31153.86
53,2025-12,12,86970.95,727,65611.63,21359.33,13495.12,73475.83,53078.66,33892.3
54,2025-01,1,81553.9,1025,59365.12,22188.78,9761.06,71792.84,39058.05,42495.85
54,2025-02,2,88050.07,1107,64093.85,23956.22,10538.57,77511.5,42169.22,45880.85
54,2025-03,3,87341.89,1098,63578.34,23763.55,10453.81,76888.07,41830.05,45511.83
54,2025-04,4,84773.16,1065,61708.5,23064.66,10146.37,74626.8,40599.83,44173.33
54,2025-05,5,91873.26,1155,66876.84,24996.42,10996.17,80877.09,44000.23,47873.03
54,2025-06,6,90874.5,1142,66149.82,24724.68,10876.62,79997.87,43521.9,47352.59
54,2025-07,7,97783.69,1229,71179.19,26604.5,11703.58,86080.12,46830.88,50952.82
54,2025-08,8,89401.97,1124,65077.93,24324.04,10700.38,78701.59,42816.68,46585.29
54,2025-09,9,86240.49,1084,62776.6,23463.88,10321.99,75918.5,41302.57,44937.92
54,2025-10,10,83309.84,1047,60643.32,22666.53,9971.22,73338.62,39899.01,43410.83
54,2025-11,11,91703.73,1153,66753.44,24950.29,10975.87,80727.86,43919.04,47784.69
54,2025-12,12,78044.15,981,56810.29,21233.86,9340.98,68703.17,37377.15,40667.0
55,2025-01,1,88513.98,845,55504.82,33009.16,34387.54,54126.44,52114.37,36399.61
55,2025-02,2,89700.76,857,56249.01,33451.74,34848.6,54852.15,52813.11,36887.65
55,2025-03,3,107342.67,1025,67311.8,40030.87,41702.46,65640.21,63200.13,44142.54
55,2025-04,4,102309.16,977,64155.41,38153.74,39746.95,62562.21,60236.55,42072.6
55,2025-05,5,110016.78,1051,68988.66,41028.12,42741.35,67275.43,64774.57,45242.21
55,2025-06,6,114459.52,1093,71774.59,42684.93,44467.34,69992.18,67390.32,47069.2
55,2025-07,7,113883.54,1088,71413.41,42470.13,44243.58,69639.96,67051.2,46832.34
55,2025-08,8,113677.16,1086,71283.99,42393.17,44163.4,69513.76,66929.69,46747.47
55,2025-09,9,100067.98,956,62750.03,37317.95,38876.25,61191.73,58917.01,41150.96
55,2025-10,10,109062.04,1042,68389.97,40672.07,42370.43,66691.61,64212.45,44849.59
55,2025-11,11,108478.07,1036,68023.78,40454.29,42143.56,66334.51,63868.62,44609.45
55,2025-12,12,95468.74,912,59865.97,35602.78,37089.46,58379.29,56209.12,39259.62
56,2025-01,1,91550.44,965,60708.69,30841.75,20013.7,71536.74,42818.07,48732.36
56,2025-02,2,89848.07,948,59579.82,30268.26,19641.55,70206.53,42021.88,47826.19
56,2025-03,3,101445.66,1070,67270.38,34175.28,22176.88,79268.78,47446.06,53999.6
56,2025-04,4,115005.08,1213,76261.87,38743.21,25141.08,89864.0,53787.79,61217.29
56,2025-05,5,108120.56,1140,71696.62,36423.94,23636.07,84484.49,50567.91,57552.65
56,2025-06,6,101260.35,1068,67147.5,34112.85,22136.37,79123.98,47359.39,53900.96
56,2025-07,7,105856.56,1116,70195.32,35661.24,23141.14,82715.42,49509.04,56347.52
56,2025-08,8,101617.41,1072,67384.27,34233.14,22214.42,79402.98,47526.39,54091.02
56,2025-09,9,94037.18,992,62357.69,31679.49,20557.32,73479.86,43981.12,50056.06
56,2025-10,10,108625.92,1146,72031.73,36594.18,23746.54,84879.38,50804.26,57821.66
56,2025-11,11,107137.51,1130,71044.75,36092.77,23421.17,83716.35,50108.14,57029.38
56,2025-12,12,93238.83,983,61828.29,31410.54,20382.79,72856.03,43607.73,49631.09
57,2025-01,1,100116.07,955,65808.91,34307.16,29054.82,71061.25,57407.53,42708.54
57,2025-02,2,88898.12,848,58435.06,30463.06,25799.24,63098.87,50975.05,37923.07
57,2025-03,3,92342.47,881,60699.12,31643.35,26798.83,65543.63,52950.07,39392.39
57,2025-04,4,92186.61,880,60596.67,31589.94,26753.6,65433.01,52860.7,39325.91
57,2025-05,5,101433.84,968,66675.11,34758.72,29437.25,71996.59,58163.15,43270.68
57,2025-06,6,102053.27,974,67082.29,34970.99,29617.02,72436.26,58518.34,43534.93
57,2025-07,7,95298.72,909,62642.34,32656.38,27656.77,67641.95,54645.22,40653.51
57,2025-08,8,100454.84,959,66031.59,34423.25,29153.13,71301.7,57601.78,42853.05
57,2025-09,9,97933.69,935,64374.38,33559.32,28421.47,69512.22,56156.13,41777.56
57,2025-10,10,98521.15,940,64760.53,33760.62,28591.96,69929.2,56492.99,42028.16
57,2025-11,11,95531.13,912,62795.11,32736.02,27724.22,67806.91,54778.48,40752.65
57,2025-12,12,96382.39,920,63354.66,33027.73,27971.26,68411.13,55266.6,41115.79
58,2025-01,1,86319.25,770,68128.73,18190.52,23482.19,62837.06,47744.0,38575.24
58,2025-02,2,78274.39,699,61779.21,16495.18,21293.68,56980.71,43294.32,34980.07
58,2025-03,3,85394.4,762,67398.78,17995.62,23230.6,62163.8,47232.46,38161.94
58,2025-04,4,96065.65,857,75821.22,20244.43,26133.59,69932.06,53134.83,42930.82
58,2025-05,5,93001.95,830,73403.15,19598.8,25300.15,67701.81,51440.27,41561.68
58,2025-06,6,91829.63,820,72477.87,19351.75,24981.23,66848.4,50791.85,41037.78
58,2025-07,7,102408.15,914,80827.13,21581.02,27859.0,74549.15,56642.93,45765.22
58,2025-08,8,87062.91,777,68715.67,18347.24,23684.49,63378.41,48155.33,38907.58
58,2025-09,9,94960.63,848,74949.07,20011.57,25832.98,69127.65,52523.64,42437.0
58,2025-10,10,87091.1,777,68737.92,18353.18,23692.16,63398.93,48170.92,38920.18
58,2025-11,11,95438.36,852,75326.12,20112.24,25962.94,69475.42,52787.87,42650.49
58,2025-12,12,93073.52,831,73459.63,19613.88,25319.61,67753.9,51479.85,41593.66
59,2025-01,1,74153.82,618,50776.4,23377.42,7819.69,66334.13,46333.07,27820.75
59,2025-02,2,79375.37,662,54351.82,25023.54,8370.31,71005.05,49595.62,29779.75
59,2025-03,3,86426.2,720,59179.84,27246.36,9113.84,77312.36,54001.15,32425.05
59,2025-04,4,88729.91,739,60757.29,27972.62,9356.77,79373.13,55440.56,33289.35
59,2025-05,5,91843.64,765,62889.4,28954.24,9685.12,82158.52,57386.09,34457.55
59,2025-06,6,81681.34,681,55930.83,25750.52,8613.48,73067.86,51036.45,30644.89
59,2025-07,7,90111.86,751,61703.58,28408.29,9502.5,80609.36,56304.04,33807.83
59,2025-08,8,94922.52,791,64997.65,29924.87,10009.8,84912.73,59309.85,35612.67
59,2025-09,9,92144.16,768,63095.18,29048.98,9716.81,82427.34,57573.86,34570.29
59,2025-10,10,90497.43,754,61967.59,28529.84,9543.16,80954.27,56544.95,33952.48
59,2025-11,11,88556.5,738,60638.55,27917.95,9338.49,79218.02,55332.21,33224.29
59,2025-12,12,84363.73,703,57767.58,26596.15,8896.35,75467.38,52712.47,31651.26
60,2025-01,1,91469.8,1168,64835.14,26634.66,21230.23,70239.57,48793.76,42676.04
60,2025-02,2,82868.64,1058,58738.52,24130.13,19233.89,63634.75,44205.55,38663.1
60,2025-03,3,100554.02,1283,71274.17,29279.85,23338.68,77215.34,53639.65,46914.37
60,2025-04,4,99845.19,1274,70771.74,29073.45,23174.16,76671.03,53261.53,46583.65
60,2025-05,5,105068.33,1341,74473.98,30594.35,24386.46,80681.87,56047.77,49020.56
60,2025-06,6,92409.91,1180,65501.5,26908.4,21448.43,70961.48,49295.25,43114.66
60,2025-07,7,107449.55,1371,76161.83,31287.73,24939.14,82510.41,57318.02,50131.54
60,2025-08,8,106158.05,1355,75246.39,30911.66,24639.38,81518.67,56629.08,49528.98
60,2025-09,9,87698.2,1119,62161.78,25536.42,20354.84,67343.37,46781.83,40916.37
60,2025-10,10,90688.72,1158,64281.5,26407.22,21048.94,69639.78,48377.1,42311.62
60,2025-11,11,100095.57,1278,70949.22,29146.36,23232.28,76863.3,53395.1,46700.47
60,2025-12,12,82811.8,1057,58698.23,24113.58,19220.7,63591.11,44175.23,38636.58
61,2025-01,1,112189.22,1087,70990.65,41198.58,7503.47,104685.75,43812.86,68376.37
61,2025-02,2,113520.39,1100,71832.98,41687.41,7592.5,105927.89,44332.72,69187.68
61,2025-03,3,130647.39,1266,82670.53,47976.86,8737.99,121909.4,51021.26,79626.13
61,2025-04,4,123792.02,1199,78332.62,45459.4,8279.49,115512.53,48344.06,75447.96
61,2025-05,5,138388.08,1341,87568.65,50819.42,9255.71,129132.37,54044.2,84343.87
61,2025-06,6,119916.72,1162,75880.42,44036.3,8020.3,111896.41,46830.65,73086.07
61,2025-07,7,130840.47,1268,82792.71,48047.76,8750.91,122089.56,51096.66,79743.81
61,2025-08,8,123619.13,1198,78223.22,45395.91,8267.93,115351.2,48276.54,75342.59
61,2025-09,9,128049.67,1241,81026.76,47022.91,8564.25,119485.42,50006.78,78042.89
61,2025-10,10,130819.39,1267,82779.37,48040.02,8749.5,122069.9,51088.43,79730.96
61,2025-11,11,129333.63,1253,81839.22,47494.41,8650.13,120683.5,50508.2,78825.43
61,2025-12,12,117199.62,1135,74161.1,43038.51,7838.58,109361.04,45769.55,71430.07
62,2025-01,1,91669.96,794,70395.68,21274.28,22170.25,69499.71,61292.81,30377.15
62,2025-02,2,86206.16,747,66199.89,20006.27,20848.84,65357.33,57639.58,28566.58
62,2025-03,3,90632.55,785,69599.02,21033.52,21919.35,68713.19,60599.17,30033.38
62,2025-04,4,92291.76,800,70873.17,21418.58,22320.63,69971.13,61708.56,30583.2
62,2025-05,5,91879.82,796,70556.84,21322.98,22221.0,69658.82,61433.13,30446.69
62,2025-06,6,103751.2,899,79673.17,24078.03,25092.08,78659.12,69370.63,34380.57
62,2025-07,7,102444.31,888,78669.58,23774.73,24776.01,77668.3,68496.81,33947.5
62,2025-08,8,111129.98,963,85339.52,25790.46,26876.63,84253.35,74304.26,36825.72
62,2025-09,9,100069.81,867,76846.14,23223.67,24201.74,75868.07,66909.16,33160.65
62,2025-10,10,90434.63,784,69447.04,20987.59,21871.49,68563.15,60466.84,29967.79
62,2025-11,11,99461.15,862,76378.73,23082.42,24054.54,75406.61,66502.19,32958.96
62,2025-12,12,97802.64,847,75105.12,22697.52,23653.43,74149.21,65393.27,32409.37
63,2025-01,1,120497.16,1371,75883.19,44613.97,43572.04,76925.12,42581.93,77915.23
63,2025-02,2,111672.1,1270,70325.6,41346.5,40380.88,71291.22,39463.28,72208.82
63,2025-03,3,129383.78,1472,81479.54,47904.24,46785.46,82598.32,45722.33,83661.45
63,2025-04,4,141192.43,1606,88916.05,52276.38,51055.49,90136.94,49895.33,91297.1
63,2025-05,5,120862.37,1375,76113.17,44749.19,43704.1,77158.27,42710.99,78151.38
63,2025-06,6,132038.87,1502,83151.58,48887.28,47745.54,84293.32,46660.6,85378.27
63,2025-07,7,126181.34,1435,79462.8,46718.54,45627.45,80553.89,44590.63,81590.7
63,2025-08,8,126715.42,1441,79799.14,46916.28,45820.57,80894.84,44779.37,81936.05
63,2025-09,9,116229.9,1322,73195.88,43034.03,42028.99,74200.91,41073.94,75155.96
63,2025-10,10,118154.78,1344,74408.07,43746.71,42725.03,75429.75,41754.17,76400.62
63,2025-11,11,123254.47,1402,77619.6,45634.86,44569.09,78685.38,43556.32,79698.15
63,2025-12,12,124072.71,1411,78134.89,45937.82,44864.96,79207.74,43845.47,80227.23
64,2025-01,1,81590.97,680,55988.65,25602.32,16592.09,64998.88,46014.3,35576.67
64,2025-02,2,84579.07,705,58039.12,26539.96,17199.75,67379.33,47699.48,36879.6
64,2025-03,3,88483.32,738,60718.26,27765.07,17993.7,70489.62,49901.33,38581.99
64,2025-04,4,91280.49,761,62637.71,28642.79,18562.53,72717.97,51478.83,39801.66
64,2025-05,5,92305.74,769,63341.25,28964.5,18771.02,73534.73,52057.03,40248.71
64,2025-06,6,88030.56,734,60407.57,27622.99,17901.63,70128.93,49645.99,38384.57
64,2025-07,7,87834.02,732,60272.7,27561.32,17861.66,69972.36,49535.15,38298.87
64,2025-08,8,93236.62,777,63980.02,29256.6,18960.32,74276.3,52582.01,40654.61
64,2025-09,9,82487.99,688,56604.19,25883.8,16774.51,65713.48,46520.18,35967.81
64,2025-10,10,77261.68,644,53017.84,24243.84,15711.7,61549.97,43572.73,33688.94
64,2025-11,11,84455.96,704,57954.64,26501.32,17174.71,67281.25,47630.05,36825.91
64,2025-12,12,71211.42,594,48866.08,22345.34,14481.34,56730.08,40160.61,31050.8
65,2025-01,1,102265.14,1156,71955.19,30309.95,28869.32,73395.82,58750.46,43514.68
65,2025-02,2,104542.05,1182,73557.26,30984.79,29512.09,75029.97,60058.53,44483.53
65,2025-03,3,103670.21,1172,72943.82,30726.39,29265.97,74404.24,59557.66,44112.55
65,2025-04,4,96281.13,1089,67744.76,28536.37,27180.04,69101.09,55312.7,40968.43
65,2025-05,5,116843.27,1321,82212.57,34630.7,32984.71,83858.56,67125.47,49717.8
65,2025-06,6,105084.29,1188,73938.79,31145.51,29665.16,75419.13,60370.04,44714.25
65,2025-07,7,105853.07,1197,74479.71,31373.36,29882.19,75970.88,60811.69,45041.37
65,2025-08,8,106923.78,1209,75233.07,31690.7,30184.45,76739.33,61426.81,45496.97
65,2025-09,9,94487.12,1068,66482.47,28004.65,26673.59,67813.53,54282.05,40205.07
65,2025-10,10,105707.98,1195,74377.62,31330.36,29841.23,75866.75,60728.34,44979.64
65,2025-11,11,97951.26,1108,68919.89,29031.38,27651.52,70299.75,56272.17,41679.09
65,2025-12,12,95089.16,1075,66906.07,28183.09,26843.55,68245.61,54627.92,40461.24
66,2025-01,1,122300.94,1055,79612.07,42688.87,6875.66,115425.28,60074.7,62226.24
66,2025-02,2,126561.11,1091,82385.24,44175.88,7115.16,119445.95,62167.31,64393.8
66,2025-03,3,132802.08,1145,86447.81,46354.27,7466.03,125336.06,65232.9,67569.18
66,2025-04,4,143968.06,1241,93716.33,50251.73,8093.77,135874.29,70717.67,73250.39
66,2025-05,5,136404.95,1176,88793.1,47611.85,7668.58,128736.37,67002.64,69402.31
66,2025-06,6,140891.25,1215,91713.47,49177.78,7920.79,132970.46,69206.33,71684.92
66,2025-07,7,133130.06,1148,86661.31,46468.75,7484.46,125645.6,65394.0,67736.06
66,2025-08,8,133582.3,1152,86955.69,46626.61,7509.89,126072.41,65616.15,67966.16
66,2025-09,9,125492.06,1082,81689.34,43802.73,7055.06,118437.0,61642.19,63849.87
66,2025-10,10,119727.31,1032,77936.75,41790.55,6730.97,112996.33,58810.52,60916.79
66,2025-11,11,131311.05,1132,85477.22,45833.83,7382.2,123928.85,64500.5,66810.55
66,2025-12,12,127910.98,1103,83263.94,44647.05,7191.05,120719.93,62830.37,65080.61
67,2025-01,1,192785.77,2044,123386.26,69399.51,46594.72,146191.05,92703.28,100082.49
67,2025-02,2,180719.78,1916,115663.81,65055.96,43678.47,137041.3,86901.21,93818.57
67,2025-03,3,194743.84,2065,124639.46,70104.38,47067.97,147675.87,93644.84,101099.0
67,2025-04,4,208054.92,2206,133158.78,74896.14,50285.15,157769.77,100045.63,108009.29
67,2025-05,5,195786.04,2076,125306.49,70479.56,47319.86,148466.18,94146.0,101640.05
67,2025-06,6,185781.97,1970,118903.71,66878.27,44901.96,140880.01,89335.42,96446.55
67,2025-07,7,189411.96,2008,121226.96,68185.0,45779.3,143632.66,91080.94,98331.02
67,2025-08,8,183283.0,1943,117304.32,65978.68,44297.98,138985.02,88133.76,95149.24
67,2025-09,9,199777.13,2118,127860.85,71916.28,48284.47,151492.66,96065.16,103711.97
67,2025-10,10,179933.59,1908,115160.64,64772.95,43488.46,136445.13,86523.16,93410.43
67,2025-11,11,201784.89,2139,129145.85,72639.04,48769.73,153015.16,97030.61,104754.28
67,2025-12,12,163630.65,1735,104726.47,58904.18,39548.17,124082.48,78683.7,84946.95
68,2025-01,1,206091.5,1410,134527.71,71563.79,50209.91,155881.59,103351.51,102739.98
68,2025-02,2,201089.56,1376,131262.66,69826.9,48991.29,152098.27,100843.12,100246.44
68,2025-03,3,209250.2,1431,136589.58,72660.62,50979.46,158270.74,104935.55,104314.65
68,2025-04,4,214977.46,1471,140328.09,74649.37,52374.79,162602.67,107807.68,107169.78
68,2025-05,5,193979.9,1327,126621.78,67358.12,47259.17,146720.73,97277.74,96702.15
68,2025-06,6,219027.29,1498,142971.64,76055.65,53361.45,165665.84,109838.6,109188.69
68,2025-07,7,194964.16,1334,127264.26,67699.9,47498.97,147465.2,97771.34,97192.83
68,2025-08,8,211501.27,1447,138058.98,73442.29,51527.89,159973.38,106064.43,105436.85
68,2025-09,9,202491.71,1385,132177.93,70313.79,49332.9,153158.82,101546.28,100945.43
68,2025-10,10,195784.91,1339,127800.01,67984.9,47698.92,148085.98,98182.93,97601.98
68,2025-11,11,210488.44,1440,137397.85,73090.59,51281.13,159207.31,105556.51,104931.93
68,2025-12,12,187943.8,1286,122681.67,65262.13,45788.6,142155.2,94250.74,93693.06
69,2025-01,1,122077.33,1046,84286.93,37790.4,19516.35,102560.98,74209.16,47868.17
69,2025-02,2,120779.17,1035,83390.62,37388.54,19308.82,101470.35,73420.03,47359.14
69,2025-03,3,140114.44,1201,96740.45,43373.99,22399.92,117714.51,85173.68,54940.76
69,2025-04,4,149253.66,1279,103050.52,46203.14,23861.0,125392.66,90729.29,58524.37
69,2025-05,5,154309.12,1323,106541.01,47768.12,24669.21,129639.91,93802.44,60506.69
69,2025-06,6,132817.38,1138,91702.27,41115.11,21233.35,111584.03,80737.9,52079.49
69,2025-07,7,149627.45,1282,103308.6,46318.85,23920.76,125706.69,90956.51,58670.94
69,2025-08,8,154797.52,1327,106878.22,47919.31,24747.29,130050.23,94099.33,60698.2
69,2025-09,9,130143.42,1115,89856.07,40287.35,20805.87,109337.55,79112.43,51030.99
69,2025-10,10,135518.17,1161,93567.01,41951.17,21665.12,113853.05,82379.67,53138.5
69,2025-11,11,135303.63,1160,93418.87,41884.75,21630.83,113672.8,82249.25,53054.37
69,2025-12,12,131791.32,1130,90993.84,40797.48,21069.32,110722.0,80114.17,51677.15
70,2025-01,1,130446.64,1275,94420.66,36025.98,8945.08,121501.56,48240.69,82205.95
70,2025-02,2,133796.06,1307,96845.06,36951.0,9174.76,124621.29,49479.34,84316.71
70,2025-03,3,133765.8,1307,96823.16,36942.65,9172.69,124593.11,49468.16,84297.65
70,2025-04,4,125946.49,1231,91163.34,34783.16,8636.5,117310.0,46576.48,79370.01
70,2025-05,5,124404.45,1215,90047.16,34357.28,8530.75,115873.69,46006.22,78398.23
70,2025-06,6,144566.6,1412,104641.05,39925.54,9913.33,134653.27,53462.42,91104.18
70,2025-07,7,129042.51,1261,93404.32,35638.19,8848.8,120193.71,47721.43,81321.08
70,2025-08,8,137738.61,1346,99698.78,38039.83,9445.12,128293.49,50937.34,86801.26
70,2025-09,9,123911.71,1211,89690.51,34221.2,8496.97,115414.74,45824.0,78087.71
70,2025-10,10,127604.64,1247,92363.55,35241.09,8750.2,118854.44,47189.69,80414.96
70,2025-11,11,131168.06,1282,94942.84,36225.21,8994.55,122173.5,48507.48,82660.58
70,2025-12,12,128788.19,1258,93220.23,35567.96,8831.36,119956.83,47627.38,81160.81
71,2025-01,1,173921.41,1378,115304.72,58616.69,67488.75,106432.66,64147.57,109773.84
71,2025-02,2,202348.47,1604,134151.01,68197.45,78519.63,123828.84,74632.34,127716.13
71,2025-03,3,213367.59,1691,141456.36,71911.22,82795.5,130572.08,78696.53,134671.06
71,2025-04,4,202273.9,1603,134101.58,68172.32,78490.69,123783.21,74604.84,127669.06
71,2025-05,5,200808.19,1591,133129.86,67678.34,77921.94,122886.26,74064.24,126743.95
71,2025-06,6,215147.83,1705,142636.61,72511.22,83486.31,131661.52,79353.14,135794.69
71,2025-07,7,213190.8,1690,141339.16,71851.64,82726.9,130463.89,78631.33,134559.47
71,2025-08,8,199017.88,1577,131942.94,67074.95,77227.22,121790.66,73403.92,125613.96
71,2025-09,9,199075.1,1578,131980.87,67094.23,77249.43,121825.68,73425.02,125650.08
71,2025-10,10,203710.67,1614,135054.11,68656.56,79048.22,124662.45,75134.76,128575.91
71,2025-11,11,185704.27,1472,123116.41,62587.86,72060.99,113643.28,68493.45,117210.82
71,2025-12,12,199845.34,1584,132491.51,67353.83,77548.31,122297.03,73709.11,126136.23
72,2025-01,1,163886.42,1801,130924.1,32962.32,34943.2,128943.22,111135.16,52751.26
72,2025-02,2,155136.73,1705,123934.23,31202.5,33077.63,122059.1,105201.79,49934.94
72,2025-03,3,162794.16,1789,130051.53,32742.63,34710.31,128083.85,110394.47,52399.69
72,2025-04,4,170254.64,1871,136011.49,34243.15,36301.01,133953.63,115453.6,54801.04
72,2025-05,5,176225.79,1937,140781.67,35444.12,37574.15,138651.63,119502.77,56723.02
72,2025-06,6,158734.02,1744,126808.0,31926.02,33844.63,124889.39,107641.2,51092.82
72,2025-07,7,177687.08,1953,141949.05,35738.03,37885.72,139801.36,120493.71,57193.38
72,2025-08,8,168664.4,1854,134741.09,33923.31,35961.94,132702.45,114375.22,54289.18
72,2025-09,9,146191.72,1607,116788.32,29403.4,31170.41,115021.31,99135.98,47055.74
72,2025-10,10,162004.33,1780,129420.56,32583.77,34541.91,127462.42,109858.87,52145.46
72,2025-11,11,161695.62,1777,129173.94,32521.68,34476.09,127219.53,109649.53,52046.09
72,2025-12,12,165423.06,1818,132151.68,33271.38,35270.84,130152.22,112177.19,53245.87
73,2025-01,1,165943.8,1366,116995.12,48948.68,40899.69,125044.1,101764.51,64179.29
73,2025-02,2,169422.39,1395,119447.62,49974.76,41757.05,127665.34,103897.74,65524.65
73,2025-03,3,180487.4,1486,127248.77,53238.63,44484.21,136003.19,110683.32,69804.08
73,2025-04,4,204963.86,1687,144505.38,60458.48,50516.86,154447.0,125693.44,79270.43
73,2025-05,5,213449.64,1757,150488.1,62961.55,52608.32,160841.32,130897.31,82552.33
73,2025-06,6,188012.08,1548,132553.89,55458.19,46338.8,141673.28,115297.81,72714.27
73,2025-07,7,180172.36,1483,127026.66,53145.7,44406.57,135765.79,110490.13,69682.23
73,2025-08,8,210581.35,1734,148465.87,62115.48,51901.38,158679.97,129138.34,81443.01
73,2025-09,9,185739.86,1529,130951.91,54787.95,45778.77,139961.09,113904.38,71835.48
73,2025-10,10,195754.6,1612,138012.58,57742.02,48247.08,147507.52,120045.88,75708.71
73,2025-11,11,173416.97,1428,122263.92,51153.05,42741.58,130675.38,106347.4,67069.56
73,2025-12,12,166589.61,1372,117450.43,49139.18,41058.86,125530.74,102160.55,64429.06
74,2025-01,1,153791.95,1278,93147.82,60644.13,49315.15,104476.8,82528.15,71263.8
74,2025-02,2,163502.33,1359,99029.15,64473.18,52428.9,111073.43,87738.95,75763.38
74,2025-03,3,164595.82,1368,99691.45,64904.37,52779.54,111816.28,88325.75,76270.08
74,2025-04,4,182604.55,1517,110598.87,72005.68,58554.24,124050.3,97989.62,84614.92
74,2025-05,5,187987.26,1562,113859.04,74128.22,60280.27,127706.99,100878.11,87109.15
74,2025-06,6,167175.09,1389,101253.65,65921.44,53606.61,113568.48,89709.84,77465.25
74,2025-07,7,188992.96,1570,114468.17,74524.79,60602.76,128390.2,101417.79,87575.17
74,2025-08,8,189436.82,1574,114737.0,74699.82,60745.09,128691.73,101655.97,87780.85
74,2025-09,9,179769.95,1494,108882.03,70887.92,57645.3,122124.65,96468.52,83301.43
74,2025-10,10,172018.68,1429,104187.28,67831.4,55159.76,116858.91,92309.01,79709.67
74,2025-11,11,178953.24,1487,108387.37,70565.87,57383.41,121569.83,96030.25,82922.99
74,2025-12,12,147418.33,1225,89287.49,58130.84,47271.38,100146.95,79107.92,68310.41
75,2025-01,1,179360.1,1488,128979.71,50380.39,28830.61,150529.49,87227.42,92132.68
75,2025-02,2,204392.58,1696,146980.83,57411.75,32854.37,171538.21,99401.35,104991.22
75,2025-03,3,194808.24,1617,140088.63,54719.61,31313.77,163494.47,94740.24,100067.99
75,2025-04,4,223228.69,1852,160526.07,62702.62,35882.11,187346.58,108561.84,114666.85
75,2025-05,5,195319.71,1621,140456.44,54863.28,31395.98,163923.73,94988.99,100330.73
75,2025-06,6,229010.72,1900,164683.99,64326.73,36811.52,192199.2,111373.79,117636.93
75,2025-07,7,213075.67,1768,153224.93,59850.74,34250.1,178825.57,103624.17,109451.51
75,2025-08,8,219484.03,1821,157833.25,61650.78,35280.19,184203.84,106740.72,112743.32
75,2025-09,9,202523.48,1681,145636.74,56886.74,32553.93,169969.55,98492.36,104031.12
75,2025-10,10,211053.63,1751,151770.86,59282.77,33925.07,177128.55,102640.79,108412.83
75,2025-11,11,211221.04,1753,151891.24,59329.79,33951.98,177269.05,102722.21,108498.83
75,2025-12,12,185577.36,1540,133450.61,52126.75,29829.98,155747.38,90251.03,95326.33
76,2025-01,1,154293.25,1626,96063.65,58229.6,59846.94,94446.31,100830.43,53462.82
76,2025-02,2,130088.95,1371,80993.95,49095.0,50458.63,79630.32,85012.95,45076.0
76,2025-03,3,160884.07,1695,100167.13,60716.94,62403.37,98480.7,105137.52,55746.55
76,2025-04,4,144411.33,1521,89911.13,54500.21,56013.96,88397.37,94372.61,50038.72
76,2025-05,5,141675.41,1493,88207.73,53467.68,54952.76,86722.65,92584.69,49090.72
76,2025-06,6,160168.92,1687,99721.87,60447.05,62125.98,98042.94,104670.17,55498.75
76,2025-07,7,152641.43,1608,95035.22,57606.21,59206.24,93435.19,99750.97,52890.46
76,2025-08,8,156413.51,1648,97383.74,59029.77,60669.34,95744.17,102216.02,54197.49
76,2025-09,9,140879.51,1484,87712.2,53167.31,54644.05,86235.47,92064.57,48814.94
76,2025-10,10,143254.34,1509,89190.78,54063.56,55565.19,87689.15,93616.52,49637.82
76,2025-11,11,152926.36,1611,95212.62,57713.74,59316.75,93609.61,99937.17,52989.19
76,2025-12,12,150580.71,1586,93752.21,56828.5,58406.93,92173.78,98404.29,52176.42
77,2025-01,1,176181.09,2449,106058.32,70122.76,42653.07,133528.02,101416.19,74764.9
77,2025-02,2,163380.28,2272,98352.43,65027.85,39554.02,123826.26,94047.58,69332.7
77,2025-03,3,172897.42,2404,104081.6,68815.81,41858.1,131039.32,99525.99,73371.43
77,2025-04,4,189658.95,2637,114171.79,75487.16,45916.03,143742.92,109174.54,80484.42
77,2025-05,5,206003.54,2864,124010.98,81992.56,49873.02,156130.52,118583.07,87420.47
77,2025-06,6,186304.71,2590,112152.59,74152.12,45103.98,141200.74,107243.71,79061.0
77,2025-07,7,198712.05,2763,119621.62,79090.43,48107.77,150604.28,114385.83,84326.23
77,2025-08,8,177300.92,2465,106732.45,70568.48,42924.18,134376.74,102060.81,75240.11
77,2025-09,9,172699.42,2401,103962.41,68737.01,41810.16,130889.25,99412.02,73287.4
77,2025-10,10,169878.88,2362,102264.49,67614.39,41127.32,128751.56,97788.41,72090.47
77,2025-11,11,172918.84,2404,104094.5,68824.34,41863.29,131055.55,99538.32,73380.52
77,2025-12,12,171724.3,2388,103375.4,68348.89,41574.09,130150.21,98850.7,72873.6
78,2025-01,1,177423.15,1680,132120.64,45302.51,31194.56,146228.59,104298.74,73124.41
78,2025-02,2,176888.53,1675,131722.53,45166.0,31100.56,145787.97,103984.47,72904.07
78,2025-03,3,197691.1,1872,147213.45,50477.65,34758.07,162933.03,116213.32,81477.78
78,2025-04,4,198012.33,1876,147452.66,50559.67,34814.55,163197.78,116402.15,81610.17
78,2025-05,5,182269.14,1726,135729.28,46539.87,32046.58,150222.56,107147.47,75121.67
78,2025-06,6,203651.79,1929,151652.16,51999.63,35806.08,167845.71,119717.33,83934.46
78,2025-07,7,180871.55,1713,134688.54,46183.01,31800.85,149070.69,106325.89,74545.65
78,2025-08,8,189710.27,1797,141270.42,48439.86,33354.88,156355.4,111521.77,78188.51
78,2025-09,9,194137.78,1839,144567.42,49570.36,34133.32,160004.45,114124.49,80013.29
78,2025-10,10,194752.55,1845,145025.22,49727.33,34241.41,160511.14,114485.88,80266.67
78,2025-11,11,175692.28,1664,130831.72,44860.56,30890.23,144802.04,103281.24,72411.03
78,2025-12,12,188890.07,1789,140659.64,48230.43,33210.67,155679.4,111039.61,77850.46
79,2025-01,1,189436.78,1397,131102.48,58334.29,52827.83,136608.95,76157.67,113279.11
79,2025-02,2,173881.92,1282,120337.52,53544.4,48490.08,125391.84,69904.28,103977.64
79,2025-03,3,190294.11,1403,131695.81,58598.3,53066.91,137227.2,76502.33,113791.78
79,2025-04,4,178635.83,1317,123627.53,55008.3,49815.79,128820.04,71815.45,106820.38
79,2025-05,5,192027.52,1416,132895.44,59132.08,53550.3,138477.22,77199.2,114828.32
79,2025-06,6,179308.85,1322,124093.3,55215.55,50003.47,129305.38,72086.02,107222.83
79,2025-07,7,183929.09,1357,127290.81,56638.28,51291.91,132637.18,73943.46,109985.63
79,2025-08,8,175359.16,1293,121359.87,53999.3,48902.03,126457.13,70498.16,104861.0
79,2025-09,9,177998.63,1313,123186.54,54812.08,49638.09,128360.53,71559.28,106439.34
79,2025-10,10,192536.36,1420,133247.6,59288.77,53692.2,138844.16,77403.77,115132.6
79,2025-11,11,198370.12,1463,137284.93,61085.19,55319.05,143051.07,79749.06,118621.06
79,2025-12,12,178004.46,1313,123190.58,54813.88,49639.72,128364.74,71561.63,106442.83
80,2025-01,1,201713.86,1756,150706.19,51007.67,26607.38,175106.48,117801.89,83911.97
80,2025-02,2,184041.67,1602,137502.79,46538.88,24276.3,159765.37,107481.25,76560.42
80,2025-03,3,211834.58,1844,158267.66,53566.91,27942.36,183892.21,123712.44,88122.13
80,2025-04,4,225399.95,1962,168402.74,56997.21,29731.73,195668.22,131634.69,93765.26
80,2025-05,5,194354.28,1692,145207.63,49146.64,25636.6,168717.68,113503.86,80850.42
80,2025-06,6,211942.72,1845,158348.46,53594.26,27956.63,183986.09,123775.6,88167.12
80,2025-07,7,191604.35,1668,143153.09,48451.27,25273.87,166330.49,111897.89,79706.46
80,2025-08,8,232007.97,2019,173339.78,58668.19,30603.37,201404.6,135493.81,96514.16
80,2025-09,9,201489.41,1754,150538.5,50950.91,26577.77,174911.64,117670.82,83818.6
80,2025-10,10,191489.38,1667,143067.19,48422.19,25258.7,166230.68,111830.75,79658.63
80,2025-11,11,209796.97,1826,156745.31,53051.66,27673.59,182123.38,122522.47,87274.5
80,2025-12,12,191385.6,1666,142989.65,48395.95,25245.01,166140.59,111770.14,79615.46
